LHA_IS05_14H,Completion Presentation,Y:\Fisheries Management\Project Tracking\Presentations\Figures.ppt 
LHA_SC09_120,Completion Presentation,Y:\Fisheries Management\Project Tracking\Presentations\Vicki_Manitoulin Summer Creel.ppt 
LHA_SC09_033,Completion Presentation,Y:\Fisheries Management\Project Tracking\Presentations\Parry Sound Winter Creel.ppt 
LHA_IA09_028,Completion Presentation,Y:\Fisheries Management\Project Tracking\Presentations\Vicki_NC Cooperative Index.ppt 
LHA_IA09_260,Completion Presentation,Y:\Fisheries Management\Project Tracking\Presentations\Vicki_OCFA walleye.ppt 
LHA_SF09_401,Completion Presentation,Y:\Fisheries Management\Project Tracking\Presentations\2009 Derby Monitoring.ppt
LHA_SF09_404,Completion Presentation,Y:\Fisheries Management\Project Tracking\Presentations\2009 Derby Monitoring.ppt 
LHA_SF09_501,Completion Presentation,Y:\Fisheries Management\Project Tracking\Presentations\2009 Derby Monitoring.ppt 
LHA_IM09_51S,Completion Presentation,Y:\Fisheries Management\Project Tracking\Presentations\2009 Huron Fishway Monitoring.ppt 
LHA_IM09_54S,Completion Presentation,Y:\Fisheries Management\Project Tracking\Presentations\2009 Huron Fishway Monitoring.ppt 
LHA_IM09_50F,Completion Presentation,Y:\Fisheries Management\Project Tracking\Presentations\2009 Huron Fishway Monitoring.ppt 
LHA_IM09_52F,Completion Presentation,Y:\Fisheries Management\Project Tracking\Presentations\2009 Huron Fishway Monitoring.ppt 
LHA_IM09_54F,Completion Presentation,Y:\Fisheries Management\Project Tracking\Presentations\2009 Huron Fishway Monitoring.ppt 
LHA_FA11_STO,Completion Presentation,
LHA_IA10_F14,Completion Presentation,Y:\Fisheries Management\Project Tracking\Presentations\Arunas_lake trout_Iroquois_Frazer_2010_annual meeting.ppt 
LHA_IA10_F13,Completion Presentation,Y:\Fisheries Management\Project Tracking\Presentations\Arunas_lake trout_Iroquois_Frazer_2010_annual meeting.ppt 
LHA_FS08_001,Completion Presentation,Y:\Fisheries Management\Project Tracking\Presentations\Reid-2008 Stocking.ppt 
LHA_FS09_001,Completion Presentation,Y:\Fisheries Management\Project Tracking\Presentations\Reid-2009 Stocking.ppt 
USG_HA09_001,Completion Presentation,Y:\Fisheries Management\Project Tracking\Presentations\Reid - USGS Hydroacoustics.ppt 
LHA_CF09_001,Completion Presentation,Y:\Fisheries Management\Project Tracking\Presentations\LHA_CF09_001_Completion.ppt 
LHA_FA09_STO,Completion Presentation,Y:\Fisheries Management\Project Tracking\Presentations\LHA_FA09_STO_Completion.ppt 
LHA_IA09_002,Completion Presentation,Y:\Fisheries Management\Project Tracking\Presentations\LHA_IA09_SUM_Index_ProjCompletion.ppt 
LHA_IA09_003,Completion Presentation,Y:\Fisheries Management\Project Tracking\Presentations\LHA_IA09_SUM_Index_ProjCompletion.ppt 
LHA_IA09_005,Completion Presentation,Y:\Fisheries Management\Project Tracking\Presentations\LHA_IA09_SUM_Index_ProjCompletion.ppt 
LHA_IA09_006,Completion Presentation,Y:\Fisheries Management\Project Tracking\Presentations\LHA_IA09_SUM_Index_ProjCompletion.ppt 
LHA_IA09_007,Completion Presentation,Y:\Fisheries Management\Project Tracking\Presentations\LHA_IA09_SUM_Index_ProjCompletion.ppt 
LHA_IA09_026,Completion Presentation,Y:\Fisheries Management\Project Tracking\Presentations\LHA_IA09_SUM_Index_ProjCompletion.ppt 
LHA_IA09_027,Completion Presentation,Y:\Fisheries Management\Project Tracking\Presentations\LHA_IA09_SUM_Index_ProjCompletion.ppt 
LHA_IA09_105,Completion Presentation,Y:\Fisheries Management\Project Tracking\Presentations\LHA_IA09_105_BruceArchipelago_Completion.ppt 
LHA_IA09_700,Completion Presentation,Y:\Fisheries Management\Project Tracking\Presentations\LHA_IA09_700_Completion.ppt 
LHA_IS09_031,Completion Presentation,Y:\Fisheries Management\Project Tracking\Presentations\LHA_IS09_031_Completion.ppt 
LHA_IS09_140,Completion Presentation,Y:\Fisheries Management\Project Tracking\Presentations\LHA_IS09_140_Completion.ppt 
LHA_IS09_014,Completion Presentation,Y:\Fisheries Management\Project Tracking\Presentations\LHA_IS09_014_Completion.ppt 
LHA_IA09_257,Completion Presentation,Y:\Fisheries Management\Project Tracking\Presentations\LHA_IA09_257_PointeauBaril_SMIN_Completion.ppt 
LHA_IA09_F14,Completion Presentation,Y:\Fisheries Management\Project Tracking\Presentations\LHA_IA09_F13F14_IroquoisMacGregorBayFLIN_Completion.ppt 
LHA_IA09_F13,Completion Presentation,Y:\Fisheries Management\Project Tracking\Presentations\LHA_IA09_F13F14_IroquoisMacGregorBayFLIN_Completion.ppt 
LHA_FS11_001,Completion Presentation,Y:\Fisheries Management\Project Tracking\Presentations\LHA_FS11_001_Stocking.ppt 
LHA_CF11_001,Completion Presentation,Y:\Fisheries Management\Project Tracking\Presentations\LHA_CF11_001-CommCatchSampling2011-CompletionPresentation.ppt 
LHA_SF11_EC1,Completion Presentation,Y:\Fisheries Management\Project Tracking\Presentations\LHA_SF11_EC1_EnvCanadaLakeTrout_Completion.ppt 
LHA_SF11_UoW,Completion Presentation,Y:\Fisheries Management\Project Tracking\Presentations\LHA_SF11_DPt_DouglasPointLakeTrout_Completion.ppt 
LHA_CC11_003,Completion Presentation,Y:\Fisheries Management\Project Tracking\Presentations\LHA_CC11_003_CollingwoodContaminantsCompletion.ppt 
USG_HA11_001,Completion Presentation,Y:\Fisheries Management\Project Tracking\Presentations\LHC_5_Riley.ppt 
LHA_FA11_CWT,Completion Presentation,Y:\Fisheries Management\Project Tracking\Presentations\LHA_FA11_CWT-CWTinventoryAndrecovery2011-CompletionPresentation.ppt 
LHA_FA11_GE1,Completion Presentation,Y:\Fisheries Management\Project Tracking\Presentations\COAupdateMarch2012srgLakeTroutGeneticID.ppt 
LHA_IA12_JUB,Completion Presentation,Y:\Fisheries Management\Project Tracking\Presentations\IA12_SUM Completion Presentation.ppt 
LHA_IA12_002,Completion Presentation,Y:\Fisheries Management\Project Tracking\Presentations\IA12_SUM Completion Presentation.ppt 
LHA_IA12_003,Completion Presentation,Y:\Fisheries Management\Project Tracking\Presentations\IA12_SUM Completion Presentation.ppt 
LHA_IA12_005,Completion Presentation,Y:\Fisheries Management\Project Tracking\Presentations\IA12_SUM Completion Presentation.ppt 
LHA_IA12_006,Completion Presentation,Y:\Fisheries Management\Project Tracking\Presentations\IA12_SUM Completion Presentation.ppt 
LHA_IA12_007,Completion Presentation,Y:\Fisheries Management\Project Tracking\Presentations\IA12_SUM Completion Presentation.ppt 
LHA_IA12_008,Completion Presentation,Y:\Fisheries Management\Project Tracking\Presentations\IA12_SUM Completion Presentation.ppt 
LHA_IA11_LEG,Completion Presentation,Y:\Fisheries Management\Project Tracking\Presentations\lcm_Legged nets Prelim Jan 2012.ppt 
LHA_IA12_701,Completion Presentation,Y:\Fisheries Management\Project Tracking\Presentations\IA12_700 Completion Presentation.ppt 
LHA_IA12_700,Completion Presentation,Y:\Fisheries Management\Project Tracking\Presentations\IA12_700 Completion Presentation.ppt 
LHA_IS12_007,Completion Presentation,Y:\Fisheries Management\Project Tracking\Presentations\LHA_IS12_007_CompletionPresentation.pdf 
