LHA_SC06_120,Completion Report,Y:\Fisheries Management\Project Tracking\Completion Reports\UGLMU Project Completion S Manitoulin Access Creel 2006.doc 
LHA_SC06_122,Completion Report,Y:\Fisheries Management\Project Tracking\Completion Reports\UGLMU Project Completion South Bay Roving Creel 2006.doc 
LHA_IA09_260,Completion Report,Y:\Fisheries Management\Project Tracking\Completion Reports\Completion_Report_IA09_260.doc 
LHA_IA08_260,Completion Report,Y:\Fisheries Management\Project Tracking\Completion Reports\Completion_Report_IA08_260.doc 
LHA_SC09_120,Completion Report,Y:\Fisheries Management\Project Tracking\Completion Reports\Manitoulin creel completion report - 2009.doc 
LHA_SC08_033,Completion Report,Y:\Fisheries Management\Project Tracking\Completion Reports\Parry Sound Creel Completion Report - 2008 (DRAFT- pre-analysis).doc 
LHA_SC07_120,Completion Report,Y:\Fisheries Management\Project Tracking\Completion Reports\CompletionReportUGLMU_LHA_SC07_120_ManitoulinCreel.pdf 
LHA_SC08_120,Completion Report,Y:\Fisheries Management\Project Tracking\Completion Reports\Manitoulin creel completion report - 2008.doc 
LHA_SC09_033,Completion Report,Y:\Fisheries Management\Project Tracking\Completion Reports\Parry Sound Creel Completion Report - 2009 (DRAFT- pre-analysis).doc 
LHA_IA07_01A,Completion Report,Y:\Fisheries Management\Project Tracking\Completion Reports\LHA_IA07_01A_Project_Completion.pdf 
LHA_IA06_01A,Completion Report,Y:\Fisheries Management\Project Tracking\Completion Reports\LHA_IA06_01A_Project_Completion.pdf 
LHA_IA06_01B,Completion Report,Y:\Fisheries Management\Project Tracking\Completion Reports\LHA_IA06_01B_Project_Completion.pdf 
LHA_IS05_014,Completion Report,Y:\Fisheries Management\Project Tracking\Completion Reports\LHA_IS05_014_Project_Completion.doc 
LHA_IS05_140,Completion Report,Y:\Fisheries Management\Project Tracking\Completion Reports\LHA_IS05_140 Project Completion.doc 
LHA_IS05_14H,Completion Report,Y:\Fisheries Management\Project Tracking\Completion Reports\LHA_IS05_14H Project Completion.doc 
LHA_IS04_014,Completion Report,Y:\Fisheries Management\Project Tracking\Completion Reports\LHA_IS04_014_Project_Completion.doc 
LHA_IS04_140,Completion Report,Y:\Fisheries Management\Project Tracking\Completion Reports\LHA_IS04_140 Project Completion.doc 
LHA_IA07_700,Completion Report,Y:\Fisheries Management\Project Tracking\Completion Reports\LHA_IA07_700 Project Completion.pdf 
LHA_IA08_700,Completion Report,Y:\Fisheries Management\Project Tracking\Completion Reports\IA08_700 Project Completion.pdf 
LHA_IS07_031,Completion Report,Y:\Fisheries Management\Project Tracking\Completion Reports\LHA_IS07_031 Project Completion.pdf 
LHA_IS08_031,Completion Report,Y:\Fisheries Management\Project Tracking\Completion Reports\IS08_031 Project Completion.pdf 
LHA_IS09_031,Completion Report,Y:\Fisheries Management\Project Tracking\Completion Reports\IS09_031 Project Completion.doc 
LHA_IA06_01F,Completion Report,Y:\Fisheries Management\Project Tracking\Completion Reports\LHA_IA06_01F Completion Report.pdf 
LHA_IA07_020,Completion Report,Y:\Fisheries Management\Project Tracking\Completion Reports\IA07_020 Offshore Index - Douglas Point PC.pdf 
LHA_IA07_019,Completion Report,Y:\Fisheries Management\Project Tracking\Completion Reports\IA07_019 Offshore Index - Providence Bay PC.pdf 
LHA_IA07_007,Completion Report,Y:\Fisheries Management\Project Tracking\Completion Reports\IA07_007 Offshore Index - Clapperton Island PC.pdf 
LHA_IA07_006,Completion Report,Y:\Fisheries Management\Project Tracking\Completion Reports\IA07_006 Offshore Index - Grand Bend PC.pdf 
LHA_IA07_005,Completion Report,Y:\Fisheries Management\Project Tracking\Completion Reports\IA07_005 Offshore Index - Southampton PC.pdf 
LHA_IA07_002,Completion Report,Y:\Fisheries Management\Project Tracking\Completion Reports\IA07_002 Offshore Index - Cape Rich PC.pdf 
LHA_IA09_700,Completion Report,Y:\Fisheries Management\Project Tracking\Completion Reports\IA09_700 Project Completion.pdf 
LHA_BN08_001,Completion Report,Y:\Fisheries Management\Project Tracking\Completion Reports\Completion_Report_2008_Benthos.pdf 
LHA_IA03_002,Completion Report,Y:\Fisheries Management\Project Tracking\Completion Reports\Completion_Report_IA03_002.doc 
LHA_IA03_005,Completion Report,Y:\Fisheries Management\Project Tracking\Completion Reports\Completion_Report_IA03_005.doc 
LHA_IA03_006,Completion Report,Y:\Fisheries Management\Project Tracking\Completion Reports\Completion_Report_IA03_006.doc 
LHA_IA03_007,Completion Report,Y:\Fisheries Management\Project Tracking\Completion Reports\Completion_Report_IA03_007.doc 
LHA_IA03_009,Completion Report,Y:\Fisheries Management\Project Tracking\Completion Reports\Completion_Report_IA03_009.doc 
LHA_IA03_700,Completion Report,Y:\Fisheries Management\Project Tracking\Completion Reports\Completion_Report_COA_SmallFish.pdf 
LHA_IS03_014,Completion Report,Y:\Fisheries Management\Project Tracking\Completion Reports\Completion_Report_LHA_IS03_014_Gravelly_Bay_TP.doc 
LHA_IS03_140,Completion Report,Y:\Fisheries Management\Project Tracking\Completion Reports\Completion_Report_LHA_IS03_140_Gravelly_Bay_GN.doc 
LHA_SC03_000,Completion Report,Y:\Fisheries Management\Project Tracking\Completion Reports\Completion report Owen Sound Access Creel 2003.doc 
LHA_SC03_001,Completion Report,Y:\Fisheries Management\Project Tracking\Completion Reports\Completion report Owen Sound Roving Creel 2003.doc 
LHA_SC03_033,Completion Report,Y:\Fisheries Management\Project Tracking\Completion Reports\Completion report Parry Sound winter roving creel 2003.doc 
LHA_SC03_111,Completion Report,Y:\Fisheries Management\Project Tracking\Completion Reports\Completion report Central Lake Huron Roving Creel 2003.doc 
LHA_SC03_110,Completion Report,Y:\Fisheries Management\Project Tracking\Completion Reports\Completion report Central Lake Huron Access Creel 2003.doc 
LHA_IA03_111,Completion Report,Y:\Fisheries Management\Project Tracking\Completion Reports\Completion_Report_IA03_111.doc 
LHA_IA03_251,Completion Report,Y:\Fisheries Management\Project Tracking\Completion Reports\Completion_Report_IA03_251.doc 
LHA_IA03_252,Completion Report,Y:\Fisheries Management\Project Tracking\Completion Reports\Completion report Magnetewan SMIN 2003.doc 
LHA_CF03_001,Completion Report,Y:\Fisheries Management\Project Tracking\Completion Reports\Completion_Report_CF03_001.doc 
LHA_IA03_255,Completion Report,Y:\Fisheries Management\Project Tracking\Completion Reports\Completion_Report_IA03_255.doc 
LHA_SC03_120,Completion Report,Y:\Fisheries Management\Project Tracking\Completion Reports\Completion report South Baymouth Access Creel 2003.doc 
LHA_SC03_220,Completion Report,Y:\Fisheries Management\Project Tracking\Completion Reports\Completion report Gore Bay Access Creel 2003.doc 
LHA_SF03_200,Completion Report,Y:\Fisheries Management\Project Tracking\Completion Reports\Completion_Report_SF03_200.doc 
LHA_IA04_002,Completion Report,Y:\Fisheries Management\Project Tracking\Completion Reports\Completion_Report_IA04_002.pdf 
LHA_IA04_005,Completion Report,Y:\Fisheries Management\Project Tracking\Completion Reports\Completion_Report_IA04_005.pdf 
LHA_IA04_006,Completion Report,Y:\Fisheries Management\Project Tracking\Completion Reports\Completion_Report_IA04_006.pdf 
LHA_CF04_001,Completion Report,Y:\Fisheries Management\Project Tracking\Completion Reports\Completion_Report_CF04_001v1.doc 
LHA_IA04_007,Completion Report,Y:\Fisheries Management\Project Tracking\Completion Reports\Completion_Report_IA04_007.pdf 
LHA_IA04_009,Completion Report,Y:\Fisheries Management\Project Tracking\Completion Reports\Completion_Report_IA04_009.pdf 
LHA_IA04_116,Completion Report,Y:\Fisheries Management\Project Tracking\Completion Reports\Completion_Report_2004_Moon_River_IA04_116_160.pdf 
LHA_IA04_240,Completion Report,Y:\Fisheries Management\Project Tracking\Completion Reports\Completion_Report_IA04_240.pdf 
LHA_IA04_255,Completion Report,Y:\Fisheries Management\Project Tracking\Completion Reports\Completion_Report_IM04_255.pdf 
LHA_IA04_700,Completion Report,Y:\Fisheries Management\Project Tracking\Completion Reports\Completion_Report_IA04_700.pdf 
LHA_IS04_018,Completion Report,Y:\Fisheries Management\Project Tracking\Completion Reports\Completion_Report_IS04_018.doc 
LHA_IA08_005,Completion Report,Y:\Fisheries Management\Project Tracking\Completion Reports\DraftCompletionRptIA08_005.doc 
LHA_IA08_002,Completion Report,Y:\Fisheries Management\Project Tracking\Completion Reports\DraftCompletionRptIA08_002.doc 
LHA_IA08_006,Completion Report,Y:\Fisheries Management\Project Tracking\Completion Reports\DraftCompletionRptIA08_006.doc 
LHA_IA08_007,Completion Report,Y:\Fisheries Management\Project Tracking\Completion Reports\DraftCompletionRptIA08_007.doc 
LHA_IA08_01B,Completion Report,Y:\Fisheries Management\Project Tracking\Completion Reports\Completion_Report_IA08_01B.doc 
LHA_IA08_020,Completion Report,Y:\Fisheries Management\Project Tracking\Completion Reports\DraftCompletionRptIA08_020.doc 
LHA_IA08_119,Completion Report,Y:\Fisheries Management\Project Tracking\Completion Reports\DraftCompletionRptIA08_119.doc 
LHA_CF07_001,Completion Report,Y:\Fisheries Management\Project Tracking\Completion Reports\Completion_Report_LHA_CF07_001_CommCatchSampling2007.doc 
LHA_IA07_231,Completion Report,Y:\Fisheries Management\Project Tracking\Completion Reports\UGLMU Project Completion 2007_McGregorBay_IA07_231.pdf 
LHA_IA07_250,Completion Report,Y:\Fisheries Management\Project Tracking\Completion Reports\UGLMU Project Completion 2007_SevernSound_IA07_250.pdf 
LHA_IA07_251,Completion Report,Y:\Fisheries Management\Project Tracking\Completion Reports\UGLMU Project Completion 2007_SevernSound_IA07_251.pdf 
LHA_BS06_101,Completion Report,Y:\Fisheries Management\Project Tracking\Completion Reports\UGLMUcompletionReport_BroodstockStockingJan2006.doc 
LHA_IA06_002,Completion Report,Y:\Fisheries Management\Project Tracking\Completion Reports\Completion_Report_IA06_002.pdf 
LHA_IA06_005,Completion Report,Y:\Fisheries Management\Project Tracking\Completion Reports\Completion_Report_IA06_005.pdf 
LHA_IA06_006,Completion Report,Y:\Fisheries Management\Project Tracking\Completion Reports\Completion_Report_IA06_006.pdf 
LHA_IA06_007,Completion Report,Y:\Fisheries Management\Project Tracking\Completion Reports\Completion_Report_IA06_007.pdf 
LHA_IA06_008,Completion Report,Y:\Fisheries Management\Project Tracking\Completion Reports\Completion_Report_IA06_008.pdf 
LHA_IA06_258,Completion Report,Y:\Fisheries Management\Project Tracking\Completion Reports\UGLMU Project Completion 2006_SevernSound_FWIN_IA06_258.doc 
LHA_IA05_002,Completion Report,Y:\Fisheries Management\Project Tracking\Completion Reports\UGLMU_Completion_Report_IA05_002.pdf 
LHA_IA05_005,Completion Report,Y:\Fisheries Management\Project Tracking\Completion Reports\UGLMU_Completion_Report_IA05_005.pdf 
LHA_IA05_006,Completion Report,Y:\Fisheries Management\Project Tracking\Completion Reports\UGLMU_Completion_Report_IA05_006.pdf 
LHA_IA05_007,Completion Report,Y:\Fisheries Management\Project Tracking\Completion Reports\UGLMU_Completion_Report_IA05_007.pdf 
LHA_IA05_009,Completion Report,Y:\Fisheries Management\Project Tracking\Completion Reports\UGLMU_Completion_Report_IA05_009.pdf 
LHA_IA05_700,Completion Report,Y:\Fisheries Management\Project Tracking\Completion Reports\COAcompletionReport2003-05PCR-16 2006 Smallfish.doc 
LHA_IS05_018,Completion Report,Y:\Fisheries Management\Project Tracking\Completion Reports\Completion_Report_IS05_018.doc 
LHA_SC05_100,Completion Report,Y:\Fisheries Management\Project Tracking\Completion Reports\Completion_Report_SC05_100.doc 
LHA_SC05_120,Completion Report,Y:\Fisheries Management\Project Tracking\Completion Reports\Completion_Report_SC05_120.doc 
LHA_SC05_220,Completion Report,Y:\Fisheries Management\Project Tracking\Completion Reports\VCompletion_Report_SC05_120.doc 
LHA_IS09_140,Completion Report,Y:\Fisheries Management\Project Tracking\Completion Reports\IS09_140 Completion.pdf 
LHA_IS09_014,Completion Report,Y:\Fisheries Management\Project Tracking\Completion Reports\IS09_014 Completion.pdf 
LHA_IA09_257,Completion Report,Y:\Fisheries Management\Project Tracking\Completion Reports\UGLMU_Completion_Report_PointeauBaril_IA09_257_259.doc 
LHA_IA09_028,Completion Report,Y:\Fisheries Management\Project Tracking\Completion Reports\Completion Report_ IA09_028.doc 
LHA_IA09_002,Completion Report,Y:\Fisheries Management\Project Tracking\Completion Reports\Completion_Report_IA09_002.doc 
LHA_IA09_003,Completion Report,Y:\Fisheries Management\Project Tracking\Completion Reports\Completion_Report_IA09_003.doc 
LHA_IA09_005,Completion Report,Y:\Fisheries Management\Project Tracking\Completion Reports\Completion_Report_IA09_005.doc 
LHA_IA09_006,Completion Report,Y:\Fisheries Management\Project Tracking\Completion Reports\Completion_Report_IA09_006.doc 
LHA_IA09_007,Completion Report,Y:\Fisheries Management\Project Tracking\Completion Reports\Completion_Report_IA09_007.doc 
LHA_IA09_026,Completion Report,Y:\Fisheries Management\Project Tracking\Completion Reports\Completion_Report_IA09_026.doc 
LHA_IA09_027,Completion Report,Y:\Fisheries Management\Project Tracking\Completion Reports\Completion_Report_IA09_027.doc 
LHA_BN09_001,Completion Report,Y:\Fisheries Management\Project Tracking\Completion Reports\Completion_Report_2009_Benthos.doc 
LHA_IA09_F14,Completion Report,Y:\Fisheries Management\Project Tracking\Completion Reports\UGLMU_Completion_Report_Frazer Bay_IA09_F14.doc 
LHA_IA09_F13,Completion Report,Y:\Fisheries Management\Project Tracking\Completion Reports\UGLMU_Completion_Report_Iroquois Bay_IA09_F13.doc 
LHA_IA09_233,Completion Report,Y:\Fisheries Management\Project Tracking\Completion Reports\UGLMU_Completion_Report_ShawanagaBasin_IA09_233.doc 
LHA_SF09_401,Completion Report,Y:\Fisheries Management\Project Tracking\Completion Reports\UGLMU_Completion_Report_Sarnia_Derby_SF09_401.doc 
LHA_SF09_404,Completion Report,Y:\Fisheries Management\Project Tracking\Completion Reports\UGLMU_Completion_Report_Chantry_Derby_SF09_404.doc 
LHA_SF09_501,Completion Report,Y:\Fisheries Management\Project Tracking\Completion Reports\UGLMU_Completion_Report_Owen_Sound_Derby_SF09_504.doc 
LHA_IM09_51S,Completion Report,Y:\Fisheries Management\Project Tracking\Completion Reports\UGLMU_Completion_Report_Nine_Mile_Fishway_IM09_51S.doc 
LHA_IM09_54S,Completion Report,Y:\Fisheries Management\Project Tracking\Completion Reports\UGLMU_Completion_Report_Dennys_Dam_Fishway_IM09_54S.doc 
LHA_IM09_50F,Completion Report,Y:\Fisheries Management\Project Tracking\Completion Reports\UGLMU_Completion_Report_2009_Fall_Fishway_Monitoring.doc 
LHA_IM09_52F,Completion Report,Y:\Fisheries Management\Project Tracking\Completion Reports\UGLMU_Completion_Report_2009_Fall_Fishway_Monitoring.doc 
LHA_IM09_54F,Completion Report,Y:\Fisheries Management\Project Tracking\Completion Reports\UGLMU_Completion_Report_2009_Fall_Fishway_Monitoring.doc 
LHA_VC02_001,Completion Report,Y:\Fisheries Management\Project Tracking\Completion Reports\Completion_Report_VC02_001.doc 
LHA_IS10_031,Completion Report,Y:\Fisheries Management\Project Tracking\Completion Reports\IS10_031 Completion.pdf 
LHA_CW09_001,Completion Report,Y:\Fisheries Management\Project Tracking\Completion Reports\CompletionReportUGLMU_LHA_CW09_001_CodedWireTagReturnsFromFishers2009LakeHuron.doc 
LHA_SF10_404,Completion Report,Y:\Fisheries Management\Project Tracking\Completion Reports\UGLMU_Completion_Report_Chantry_Derby_SF10_404.doc 
LHA_SF10_501,Completion Report,Y:\Fisheries Management\Project Tracking\Completion Reports\UGLMU_Completion_Report_Owen_Sound_Derby_SF10_504.doc 
LHA_SF10_401,Completion Report,Y:\Fisheries Management\Project Tracking\Completion Reports\UGLMU_Completion_Report_Sarnia_Derby_SF10_401.doc 
LHA_IA10_031,Completion Report,Y:\Fisheries Management\Project Tracking\Completion Reports\IA10_031 Completion.pdf 
LHA_IA10_700,Completion Report,Y:\Fisheries Management\Project Tracking\Completion Reports\IA10_700 Completion.pdf 
LHA_IS10_014,Completion Report,Y:\Fisheries Management\Project Tracking\Completion Reports\IS10_014 Completion.pdf 
LHA_IS10_140,Completion Report,Y:\Fisheries Management\Project Tracking\Completion Reports\IS10_140 Completion.pdf 
LHA_IA10_260,Completion Report,Y:\Fisheries Management\Project Tracking\Completion Reports\Completion_Report_IA10_260.doc 
LHA_IA10_002,Completion Report,Y:\Fisheries Management\Project Tracking\Completion Reports\Completion_Report_IA10_002.pdf 
LHA_IA10_005,Completion Report,Y:\Fisheries Management\Project Tracking\Completion Reports\Completion_Report_IA10_005.pdf 
LHA_IA10_006,Completion Report,Y:\Fisheries Management\Project Tracking\Completion Reports\Completion_Report_IA10_006.pdf 
LHA_IA10_027,Completion Report,Y:\Fisheries Management\Project Tracking\Completion Reports\Completion_Report_IA10_027.pdf 
LHA_SC03_101,Completion Report,Y:\Fisheries Management\Project Tracking\Completion Reports\LHA_SC03_101.pdf 
LHA_SC03_100,Completion Report,Y:\Fisheries Management\Project Tracking\Completion Reports\LHA_SC03_100.pdf 
LHA_IM10_50E,Completion Report,Y:\Fisheries Management\Project Tracking\Completion Reports\UGLMU_Completion_Report_2010_Fall_Fishway_Monitoring.doc 
LHA_IM10_52F,Completion Report,Y:\Fisheries Management\Project Tracking\Completion Reports\UGLMU_Completion_Report_2010_Fall_Fishway_Monitoring.doc 
LHA_CH07_001,Completion Report,Y:\Fisheries Management\Project Tracking\Completion Reports\UGLMU Project Description_2007_Commercial Harvest.doc 
LHA_CH03_001,Completion Report,Y:\Fisheries Management\Project Tracking\Completion Reports\Completion_Report_Commercial_Harvest_2003.doc 
LHA_IM10_54S,Completion Report,Y:\Fisheries Management\Project Tracking\Completion Reports\UGLMU_Completion_Report_Dennys_Dam_Fishway_IM10_54S.doc 
LHA_IM10_51S,Completion Report,Y:\Fisheries Management\Project Tracking\Completion Reports\UGLMU_Completion_Report_Nine_Mile_Fishway_IM10_51S.doc 
LHA_CH10_001,Completion Report,Y:\Fisheries Management\Project Tracking\Completion Reports\Completion_Report_Commercial_Harvest_2010.doc 
LHA_IS11_031,Completion Report,Y:\Fisheries Management\Project Tracking\Completion Reports\IS11_031 Completion.pdf 
LHA_IS08_01B,Completion Report,Y:\Fisheries Management\Project Tracking\Completion Reports\Completion_Report_IA08_01B.doc 
LHA_CF10_001,Completion Report,
LHA_SS10_001,Completion Report,Y:\Fisheries Management\Project Tracking\Completion Reports\UGLMU Project Completion Report LHA_SS10_001.doc 
LHA_IA10_252,Completion Report,Y:\Fisheries Management\Project Tracking\Completion Reports\UGLMU_Completion_Report_Magnetewan_SMIN_IA10_252_262.doc 
LHA_IA10_F14,Completion Report,Y:\Fisheries Management\Project Tracking\Completion Reports\UGLMU_Completion_Report_Frazer Bay_IA10_F14.doc 
LHA_IA10_F13,Completion Report,Y:\Fisheries Management\Project Tracking\Completion Reports\UGLMU_Completion_Report_Iroquois Bay_IA10_F13.doc 
LHA_IA10_105,Completion Report,Y:\Fisheries Management\Project Tracking\Completion Reports\CompletionReportUGLMU_LHA_IA10_105_SpringTobermoryLakeTroutGillNetting2010v1.doc 
LHA_FA09_STO,Completion Report,Y:\Fisheries Management\Project Tracking\Completion Reports\Completion_Report_Diet Study_2009.doc 
LHA_FA08_STO,Completion Report,Y:\Fisheries Management\Project Tracking\Completion Reports\Completion_Report_Diet Study_2008.doc 
LHA_FA10_STO,Completion Report,Y:\Fisheries Management\Project Tracking\Completion Reports\Completion_Report_Diet Study_2010.doc 
LHA_FA07_STO,Completion Report,Y:\Fisheries Management\Project Tracking\Completion Reports\Completion_Report_Diet Study_2007.doc 
LHA_FA05_STO,Completion Report,Y:\Fisheries Management\Project Tracking\Completion Reports\Completion_Report_Diet Study_2005.doc 
LHA_FA06_STO,Completion Report,Y:\Fisheries Management\Project Tracking\Completion Reports\Completion_Report_Diet Study_2006.doc 
USG_HA09_001,Completion Report,
LHA_SF11_404,Completion Report,Y:\Fisheries Management\Project Tracking\Completion Reports\UGLMU_Completion_Report_Chantry_Derby_SF11_404.doc 
USG_HA07_001,Completion Report,Y:\Fisheries Management\Project Tracking\Completion Reports\2007LakeHuronAcoustic.pdf 
USG_HA08_001,Completion Report,Y:\Fisheries Management\Project Tracking\Completion Reports\2008LakeHuronPreyfish.pdf 
USG_HA06_001,Completion Report,Y:\Fisheries Management\Project Tracking\Completion Reports\2006LakeHuronAcoustic.pdf 
USG_HA05_001,Completion Report,Y:\Fisheries Management\Project Tracking\Completion Reports\2005LakeHuronPreyfishReport.pdf 
USG_HA04_001,Completion Report,"Y:\Fisheries Management\Project Tracking\Completion Reports\HuronPelagicPreyFish1997,2004.pdf "
USG_HA97_001,Completion Report,"Y:\Fisheries Management\Project Tracking\Completion Reports\HuronPelagicPreyFish1997,2004.pdf "
LHA_IA11_701,Completion Report,Y:\Fisheries Management\Project Tracking\Completion Reports\IA11_701 Completion.pdf 
LHA_IA11_700,Completion Report,Y:\Fisheries Management\Project Tracking\Completion Reports\IA11_700 Completion.pdf 
LHA_IA11_002,Completion Report,Y:\Fisheries Management\Project Tracking\Completion Reports\IA11_002 Completion.pdf 
LHA_IA11_003,Completion Report,Y:\Fisheries Management\Project Tracking\Completion Reports\IA11_003 Completion.pdf 
LHA_IA11_005,Completion Report,Y:\Fisheries Management\Project Tracking\Completion Reports\IA11_005 Completion.pdf 
LHA_IA11_006,Completion Report,Y:\Fisheries Management\Project Tracking\Completion Reports\IA11_006 Completion.pdf 
LHA_IA11_007,Completion Report,Y:\Fisheries Management\Project Tracking\Completion Reports\IA11_007 Completion.pdf 
LHA_IA11_008,Completion Report,Y:\Fisheries Management\Project Tracking\Completion Reports\IA11_008 Completion.pdf 
LHA_IA11_01B,Completion Report,Y:\Fisheries Management\Project Tracking\Completion Reports\IA11_01B Completion.pdf 
LHA_SF11_501,Completion Report,Y:\Fisheries Management\Project Tracking\Completion Reports\UGLMU_Completion_Report_Owen_Sound_Derby_SF11_501.doc 
LHA_IA11_301,Completion Report,Y:\Fisheries Management\Project Tracking\Completion Reports\UGLMU_Completion_Report_SpanishRDelta_SMIN_IA11_301_302.doc 
LHA_IA11_302,Completion Report,Y:\Fisheries Management\Project Tracking\Completion Reports\UGLMU_Completion_Report_SpanishRDelta_SMIN_IA11_301_302.doc 
LHA_IA11_303,Completion Report,Y:\Fisheries Management\Project Tracking\Completion Reports\UGLMU_Completion_Report_SpanishRiver_IA11_303.doc 
LHA_CF11_001,Completion Report,Y:\Fisheries Management\Project Tracking\Completion Reports\Completion_Report_LHA_CF11_001_CommCatchSampling2011.doc 
LHA_SF11_EC1,Completion Report,Y:\Fisheries Management\Project Tracking\Completion Reports\LHA_SF11_EC1_EnvCanLakeTrout_CompReport.doc 
LHA_SF11_UoW,Completion Report,Y:\Fisheries Management\Project Tracking\Completion Reports\LHA_SF11_DPt_DouglasPtLakeTrout_CompReport.pdf 
LHA_CC11_003,Completion Report,Y:\Fisheries Management\Project Tracking\Completion Reports\LHA_CC11_003_CollingwoodContaminantsCompletion.pdf 
USG_HA11_001,Completion Report,Y:\Fisheries Management\Project Tracking\Completion Reports\Schaeffer et al  Huron acoustic rpt 2011_FINAL.pdf 
LHA_CH11_001,Completion Report,Y:\Fisheries Management\Project Tracking\Completion Reports\Completion_Report_Commercial_Harvest_2011.doc 
LHA_IS12_031,Completion Report,Y:\Fisheries Management\Project Tracking\Completion Reports\IS12_031 Completion.pdf 
LHA_IA12_J31,Completion Report,Y:\Fisheries Management\Project Tracking\Completion Reports\IA12_J31 Completion.pdf 
LHA_IA12_701,Completion Report,Y:\Fisheries Management\Project Tracking\Completion Reports\IA12_701 Completion.pdf 
LHA_IA12_700,Completion Report,Y:\Fisheries Management\Project Tracking\Completion Reports\IA12_700 Completion.pdf 
LHA_SF12_404,Completion Report,Y:\Fisheries Management\Project Tracking\Completion Reports\UGLMU_Completion_Report_Chantry_Derby_SF12_404.doc 
LHA_IA12_002,Completion Report,Y:\Fisheries Management\Project Tracking\Completion Reports\IA12_002 Completion.pdf 
LHA_IA12_003,Completion Report,Y:\Fisheries Management\Project Tracking\Completion Reports\IA12_003 Completion.pdf 
LHA_IA12_005,Completion Report,Y:\Fisheries Management\Project Tracking\Completion Reports\IA12_005 Completion.pdf 
LHA_IA12_006,Completion Report,Y:\Fisheries Management\Project Tracking\Completion Reports\IA12_006 Completion.pdf 
LHA_IA12_007,Completion Report,Y:\Fisheries Management\Project Tracking\Completion Reports\IA12_007 Completion.pdf 
LHA_IA12_008,Completion Report,Y:\Fisheries Management\Project Tracking\Completion Reports\IA12_008 Completion.pdf 
LHA_IA12_009,Completion Report,Y:\Fisheries Management\Project Tracking\Completion Reports\IA12_009 Completion.pdf 
LHA_IA12_JUB,Completion Report,Y:\Fisheries Management\Project Tracking\Completion Reports\IA12_JUB Completion.pdf 
LHA_SC12_000,Completion Report,Y:\Fisheries Management\Project Tracking\Completion Reports\Owen Sound Creel completion report - 2012.doc 
LHA_SC12_100,Completion Report,Y:\Fisheries Management\Project Tracking\Completion Reports\Goderich completion report - 2012.doc 
LHA_SC12_052,Completion Report,Y:\Fisheries Management\Project Tracking\Completion Reports\Severn Sound Summer creel completion report - 2012.doc 
LHA_SF12_501,Completion Report,Y:\Fisheries Management\Project Tracking\Completion Reports\UGLMU_Completion_Report_SalmonSpectacular_SF12_501.doc 
LHA_IA12_119,Completion Report,Y:\Fisheries Management\Project Tracking\Completion Reports\Completion Report_ IA12_119.doc 
LHA_IS12_119,Completion Report,Y:\Fisheries Management\Project Tracking\Completion Reports\Completion Report_ IS12_119.doc 
LHA_FA11_STO,Completion Report,Y:\Fisheries Management\Project Tracking\Completion Reports\Completion_Report_Diet Study_2011.doc 
LHA_IA12_116,Completion Report,Y:\Fisheries Management\Project Tracking\Completion Reports\UGLMU_Completion_Report_Moonriver_SWIN_IA12_116.pdf 
LHA_IA86_GBY,Completion Report,Y:\Fisheries Management\Project Tracking\Completion Reports\LHA_IA86_GBY_GB2_IndexFishing.pdf 
LHA_IA86_GBX,Completion Report,Y:\Fisheries Management\Project Tracking\Completion Reports\LHA_IA86_GBX_GB2_IndexFishing.pdf 
LHA_IA12_001,Completion Report,Y:\Fisheries Management\Project Tracking\Completion Reports\Completion_Report_LHA_CF12_001_CommCatchSampling2012.doc 
LHA_IA12_ARR,Completion Report,Y:\Fisheries Management\Project Tracking\Completion Reports\UGLMU Project Completion SLH Acoustic Array Sturgeon and Walleye 2012.doc 
LHA_IS12_007,Completion Report,Y:\Fisheries Management\Project Tracking\Completion Reports\LHA_IS12_007_ProjComp.pdf 
LHA_IS13_031,Completion Report,Y:\Fisheries Management\Project Tracking\Completion Reports\IS13_031 Completion.pdf 
