Benthic Master,Z:\Data Warehouse\Derived Datasets\UNIT PROJECTS\Benthics\Lake Huron Benthics.mdb
Commercial Catch Sampling Master (CF),Z:\Data Warehouse\Commercial Fisheries\Catch Sampling\CF_Master.mdb
Commercial Harvest Master (CH),Z:\Data Warehouse\Commercial Fisheries\Harvest and Effort\CH_MASTER.mdb
Creel Master,Z:\Data Warehouse\Recreational Fisheries\Creel\SC\SC_Master.mdb
Fish Stocking  Master (FS),Y:\Information Resources\Dataset_Utilities\FS_Maker\FS_Master.mdb
Fishway Master,Z:\Data Warehouse\Assessment\Fishway\Fishway_Master.mdb
Nearshore Master,Z:\Data Warehouse\Assessment\Index\Nearshore\IA_NEARSHORE.mdb
Offshore Master,Z:\Data Warehouse\Assessment\Index\Offshore\IA_OFFSHORE.mdb
Small Fish Master,Z:\Data Warehouse\Assessment\Index\Nearshore\Small_Fish\COA_Nearshore_Smallfish.mdb
Sportfish Master (SF),Z:\Data Warehouse\Recreational Fisheries\Angler Diary\Sf\SF_MASTER.mdb
Stomach Master,Z:\Data Warehouse\Assessment\Diets\Stomach Analysis\Stomach_Master.mdb
Sturgeon Master,Z:\Data Warehouse\Derived Datasets\UNIT PROJECTS\Sturgeon\Sturgeon Master.mdb
