LHA_IA08_01B,Field Protocol,Y:\Fisheries Management\Project Tracking\Protocols\LHA_IA08_01B_Instructions.pdf 
LHA_IS08_01B,Field Protocol,Y:\Fisheries Management\Project Tracking\Protocols\LHA_IS08_01B_Fall_Instructions.pdf 
LHA_IA07_002,Field Protocol,Y:\Fisheries Management\Project Tracking\Protocols\IA07_002_Sampling_Guide.pdf 
LHA_SF09_401,Field Protocol,Y:\Fisheries Management\Project Tracking\Protocols\2009_Spring_Sarnia_Salmon_Derby_Protocol.doc 
LHA_SF09_404,Field Protocol,Y:\Fisheries Management\Project Tracking\Protocols\UGLMU_Protocol_2009_UGLMU_Derby_Chinook_Collections.doc 
LHA_SF09_501,Field Protocol,Y:\Fisheries Management\Project Tracking\Protocols\UGLMU_Protocol_2009_UGLMU_Derby_Chinook_Collections.doc 
LHA_IA09_007,Field Protocol,Y:\Fisheries Management\Project Tracking\Protocols\IA09_007_Sampling_Guide.pdf 
LHA_IA09_002,Field Protocol,Y:\Fisheries Management\Project Tracking\Protocols\IA09_002_Sampling_Guide.pdf 
LHA_IA09_005,Field Protocol,Y:\Fisheries Management\Project Tracking\Protocols\IA09_005_Sampling_Guide.doc 
LHA_IA09_006,Field Protocol,Y:\Fisheries Management\Project Tracking\Protocols\IA09_006_Sampling_Guide.doc 
LHA_IA09_003,Field Protocol,Y:\Fisheries Management\Project Tracking\Protocols\IA09_003_Sampling_Guide.doc 
LHA_IA09_026,Field Protocol,Y:\Fisheries Management\Project Tracking\Protocols\IA09_026_Sampling_Guide.doc 
LHA_IA09_027,Field Protocol,Y:\Fisheries Management\Project Tracking\Protocols\IA09_027_Sampling_Guide.pdf 
LHA_IA09_028,Field Protocol,Y:\Fisheries Management\Project Tracking\Protocols\IA09_028_NC_Coop_Sampling_Guide-Captain.doc 
LHA_IA08_260,Field Protocol,Y:\Fisheries Management\Project Tracking\Protocols\EGB walleye spawning project protocol.doc 
LHA_IA07_01A,Field Protocol,Y:\Fisheries Management\Project Tracking\Protocols\LHA_IA07_01A_Instructions.pdf 
LHA_IA06_01A,Field Protocol,Y:\Fisheries Management\Project Tracking\Protocols\LHA_IA06_01A_Instructions.pdf 
LHA_IA06_01B,Field Protocol,Y:\Fisheries Management\Project Tracking\Protocols\LHA_IA06_01B_Instructions.pdf 
LHA_IS05_014,Field Protocol,Y:\Fisheries Management\Project Tracking\Protocols\LHA_IS05_014_TN_Instructions.doc 
LHA_IS05_140,Field Protocol,Y:\Fisheries Management\Project Tracking\Protocols\LHA_IS05_14H&140_GN_Instructions.doc 
LHA_IS05_14H,Field Protocol,Y:\Fisheries Management\Project Tracking\Protocols\LHA_IS05_14H&140_GN_Instructions.doc 
LHA_IS05_240,Field Protocol,Y:\Fisheries Management\Project Tracking\Protocols\LHA_IS05_240_Instructions.doc 
LHA_IS05_CRA,Field Protocol,Y:\Fisheries Management\Project Tracking\Protocols\LHA_IS05_14H&140_GN_Instructions.doc 
LHA_IS04_014,Field Protocol,Y:\Fisheries Management\Project Tracking\Protocols\LHA_IS03_014_TN_Instructions.doc 
LHA_IS04_140,Field Protocol,Y:\Fisheries Management\Project Tracking\Protocols\LHA_IS04_140_GN_Instructions.doc 
LHA_IS09_140,Field Protocol,Y:\Fisheries Management\Project Tracking\Protocols\IS09_140 GN Instructions.pdf 
LHA_IS09_014,Field Protocol,Y:\Fisheries Management\Project Tracking\Protocols\IS09_014 TN Instructions.doc 
LHA_BN08_001,Field Protocol,Y:\Fisheries Management\Project Tracking\Protocols\Benthic Sampling Protocol_2008.doc 
LHA_IA06_01F,Field Protocol,Y:\Fisheries Management\Project Tracking\Protocols\LHA_IA06_01F_Instructions.doc 
LHA_IS08_014,Field Protocol,Y:\Fisheries Management\Project Tracking\Protocols\LHA_IS08_014_TN_Instructions.doc 
LHA_IA09_257,Field Protocol,Y:\Fisheries Management\Project Tracking\Protocols\UGLMU_Muskellunge Spawning Index Protocol 2009.pdf 
LHA_IA09_233,Field Protocol,Y:\Fisheries Management\Project Tracking\Protocols\UGLMU_Protocol_2009_Shawanaga_ESTN_IA09_233-May22-09.doc 
LHA_IA09_F14,Field Protocol,Y:\Fisheries Management\Project Tracking\Protocols\Iroquois Bay_Frazer Bay_ Lake Trout protocol_2009.doc 
LHA_IA09_F13,Field Protocol,Y:\Fisheries Management\Project Tracking\Protocols\Iroquois Bay_Frazer Bay_ Lake Trout protocol_2009.doc 
LHA_IM09_50F,Field Protocol,Y:\Fisheries Management\Project Tracking\Protocols\UGLMU_Protocol_2009_Fishway_Chinook.doc 
LHA_IM09_52F,Field Protocol,Y:\Fisheries Management\Project Tracking\Protocols\UGLMU_Protocol_2009_Fishway_Chinook.doc 
LHA_IM09_54F,Field Protocol,Y:\Fisheries Management\Project Tracking\Protocols\UGLMU_Protocol_2009_Fishway_Chinook.doc 
LHA_IS10_031,Field Protocol,Y:\Fisheries Management\Project Tracking\Protocols\Sturgeon Sampling Protocol 2010.pdf 
LHA_IA10_031,Field Protocol,Y:\Fisheries Management\Project Tracking\Protocols\Sturgeon Sampling Protocol 2010.pdf 
LHA_IA10_255,Field Protocol,Y:\Fisheries Management\Project Tracking\Protocols\UGLMU Project Protocol_Severn Sound_SWIN_IA10_255.doc 
LHA_IA10_251,Field Protocol,Y:\Fisheries Management\Project Tracking\Protocols\UGLMU_Protocol_2010_Severn Sound_ESTN_IA10_251.doc 
LHA_IA10_252,Field Protocol,Y:\Fisheries Management\Project Tracking\Protocols\UGLMU_Muskellunge Spawning Index Protocol 2010.doc 
LHA_IA10_700,Field Protocol,Y:\Fisheries Management\Project Tracking\Protocols\IA10_700 Description.pdf 
LHA_IA10_005,Field Protocol,Y:\Fisheries Management\Project Tracking\Protocols\IA10_005_Sampling_Guide.pdf 
LHA_SF10_401,Field Protocol,Y:\Fisheries Management\Project Tracking\Protocols\2010_Salmon_Derby_Protocol.doc 
LHA_SF10_404,Field Protocol,Y:\Fisheries Management\Project Tracking\Protocols\2010_Salmon_Derby_Protocol.doc 
LHA_SF10_501,Field Protocol,Y:\Fisheries Management\Project Tracking\Protocols\2010_Salmon_Derby_Protocol.doc 
LHA_IA10_006,Field Protocol,Y:\Fisheries Management\Project Tracking\Protocols\IA10_006_Sampling_Guide.pdf 
LHA_IA10_027,Field Protocol,Y:\Fisheries Management\Project Tracking\Protocols\IA10_027_Sampling_Guide.pdf 
LHA_IA10_002,Field Protocol,Y:\Fisheries Management\Project Tracking\Protocols\IA10_002_Sampling_Guide.pdf 
LHA_IS10_140,Field Protocol,Y:\Fisheries Management\Project Tracking\Protocols\IS10_140 Sample Sites.pdf 
LHA_IS11_031,Field Protocol,Y:\Fisheries Management\Project Tracking\Protocols\Sturgeon Sampling Protocol 2011.pdf 
LHA_IS11_032,Field Protocol,Y:\Fisheries Management\Project Tracking\Protocols\Sturgeon Sampling Protocol 2011.pdf 
LHA_IS10_018,Field Protocol,
LHA_IA11_005,Field Protocol,Y:\Fisheries Management\Project Tracking\Protocols\IA11_005 Sampling Guide.pdf 
LHA_IA11_006,Field Protocol,Y:\Fisheries Management\Project Tracking\Protocols\IA11_006 Sampling Guide.pdf 
LHA_IA11_002,Field Protocol,Y:\Fisheries Management\Project Tracking\Protocols\IA11_002 Sampling Guide.pdf 
LHA_IA11_003,Field Protocol,Y:\Fisheries Management\Project Tracking\Protocols\IA11_003 Sampling Guide.pdf 
LHA_IA11_007,Field Protocol,Y:\Fisheries Management\Project Tracking\Protocols\IA11_007 Sampling Guide.pdf 
LHA_IA11_008,Field Protocol,Y:\Fisheries Management\Project Tracking\Protocols\IA11_008 Sampling Guide.pdf 
LHA_IA11_01B,Field Protocol,Y:\Fisheries Management\Project Tracking\Protocols\IA11_01B Sampling Guide.pdf 
LHA_FA11_STO,Field Protocol,Y:\Fisheries Management\Project Tracking\Protocols\Stomach Analysis Protocol.doc 
LHA_FA10_STO,Field Protocol,Y:\Fisheries Management\Project Tracking\Protocols\Stomach Analysis Protocol.doc 
LHA_FA05_STO,Field Protocol,Y:\Fisheries Management\Project Tracking\Protocols\Diet Protocol 2005.pdf 
LHA_FA06_STO,Field Protocol,Y:\Fisheries Management\Project Tracking\Protocols\Diet Protocol 2005.pdf 
LHA_FA08_STO,Field Protocol,Y:\Fisheries Management\Project Tracking\Protocols\Diet Protocol 2005.pdf 
LHA_FA07_STO,Field Protocol,Y:\Fisheries Management\Project Tracking\Protocols\Diet Protocol 2005.pdf 
LHA_FA09_STO,Field Protocol,Y:\Fisheries Management\Project Tracking\Protocols\Diet Protocol 2005.pdf 
LHA_SF11_603,Field Protocol,Y:\Fisheries Management\Project Tracking\Protocols\UGLMU_Protocol_2011_12_Nottawasaga_Volunteer_Steelhead_Sampling.doc 
LHA_IA11_119,Field Protocol,Y:\Fisheries Management\Project Tracking\Protocols\2011 South Bay FLIN Gill netting project protocol.doc 
LHA_IS11_119,Field Protocol,Y:\Fisheries Management\Project Tracking\Protocols\IS11_119 TN Protocol.doc 
LHA_SF11_404,Field Protocol,Y:\Fisheries Management\Project Tracking\Protocols\2011_Chantry_Derby_Protocol.doc 
LHA_SF11_501,Field Protocol,Y:\Fisheries Management\Project Tracking\Protocols\2011_Salmon_Derby_Protocol.doc 
LHA_CF11_001,Field Protocol,Y:\Fisheries Management\Project Tracking\Protocols\Commercial Catch Field Manual - April 2010.doc 
LHA_IA11_LEG,Field Protocol,Y:\Fisheries Management\Project Tracking\Protocols\IA11_LEG Protocol - Legged Nets.pdf 
LHA_IA11_301,Field Protocol,Y:\Fisheries Management\Project Tracking\Protocols\UGLMU_Protocol_SpanishRDelta_SMIN_IA11_301_302.doc 
LHA_IA11_302,Field Protocol,Y:\Fisheries Management\Project Tracking\Protocols\UGLMU_Protocol_SpanishRDelta_SMIN_IA11_301_302.doc 
LHA_IA11_303,Field Protocol,Y:\Fisheries Management\Project Tracking\Protocols\UGLMU_Protocol_2011_SpanishRDelta_ESTN_IA11_303.doc 
LHA_FA11_CWT,Field Protocol,Y:\Fisheries Management\Project Tracking\Protocols\Coded Wire Tag Field Protocol.doc 
LHA_IS12_031,Field Protocol,Y:\Fisheries Management\Project Tracking\Protocols\Sturgeon Sampling Protocol 2012.pdf 
LHA_FA12_CWT,Field Protocol,Y:\Fisheries Management\Project Tracking\Protocols\Coded Wire Tag Field Protocol.doc 
LHA_SF11_EC1,Field Protocol,Y:\Fisheries Management\Project Tracking\Protocols\LHA_SF11_EC1_EnvCanLakeTrout_Protocol.txt 
LHA_SF11_UoW,Field Protocol,Y:\Fisheries Management\Project Tracking\Protocols\LHA_SF11_DPt_DouglasPtLakeTrout_Protocol.txt 
LHA_IA12_116,Field Protocol,Y:\Fisheries Management\Project Tracking\Protocols\UGLMU Project Protocol_Moon River_SWIN_IA12_116.doc 
LHA_IA12_251,Field Protocol,Y:\Fisheries Management\Project Tracking\Protocols\Protocol_2012_Severn Sound_ESTN_IA12_251.doc 
LHA_IA12_022,Field Protocol,Y:\Fisheries Management\Project Tracking\Protocols\Protocol_2012_Moon River_ESTN_IA12_022.doc 
LHA_IA12_002,Field Protocol,Y:\Fisheries Management\Project Tracking\Protocols\IA12_002 Sampling Guide.pdf 
LHA_IA12_003,Field Protocol,Y:\Fisheries Management\Project Tracking\Protocols\IA12_003 Sampling Guide.pdf 
LHA_IA12_005,Field Protocol,Y:\Fisheries Management\Project Tracking\Protocols\IA12_005 Sampling Guide.pdf 
LHA_IA12_006,Field Protocol,Y:\Fisheries Management\Project Tracking\Protocols\IA12_006 Sampling Guide.pdf 
LHA_IA12_007,Field Protocol,Y:\Fisheries Management\Project Tracking\Protocols\IA12_007 Sampling Guide.pdf 
LHA_IA12_008,Field Protocol,Y:\Fisheries Management\Project Tracking\Protocols\IA12_008 Sampling Guide.pdf 
LHA_SC12_052,Field Protocol,Y:\Fisheries Management\Project Tracking\Protocols\SevernSound2012.doc 
LHA_FA12_STO,Field Protocol,Y:\Fisheries Management\Project Tracking\Protocols\Stomach Analysis Protocol_2011.doc 
LHA_FS12_001,Field Protocol,Y:\Fisheries Management\Project Tracking\Protocols\2012 Stocking Schedule1.xls 
LHA_IA12_J31,Field Protocol,Y:\Fisheries Management\Project Tracking\Protocols\IA12_J31 Sampling Guide.pdf 
LHA_IA03_105,Field Protocol,Y:\Fisheries Management\Project Tracking\Protocols\LHA_IA03_105_WhiteshingleComparison_Protocol.pdf 
LHA_SC12_000,Field Protocol,Y:\Fisheries Management\Project Tracking\Protocols\Owen Sound Creel Survey 2012.doc 
LHA_SC12_120,Field Protocol,Y:\Fisheries Management\Project Tracking\Protocols\The South Bay Summer Creel Survey 2012.doc 
LHA_SC12_100,Field Protocol,Y:\Fisheries Management\Project Tracking\Protocols\Kincardine_Goderich.doc 
LHA_IS12_007,Field Protocol,Y:\Fisheries Management\Project Tracking\Protocols\LHA_IS12_007_FieldGuide.pdf 
LHA_IS12_119,Field Protocol,Y:\Fisheries Management\Project Tracking\Protocols\IS12_119 TN Protocol.doc 
LHA_SC13_033,Field Protocol,Y:\Fisheries Management\Project Tracking\Protocols\Parry Sound Winter Creel 2013.doc 
LHA_IA12_001,Field Protocol,Y:\Fisheries Management\Project Tracking\Protocols\Commercial fishermen contact.xls 
LHA_IS13_031,Field Protocol,Y:\Fisheries Management\Project Tracking\Protocols\Sturgeon Sampling Protocol 2013.pdf 
LHA_SC13_000,Field Protocol,Y:\Fisheries Management\Project Tracking\Protocols\Creel Survey Instructions.docx 
LHA_IA13_002,Field Protocol,Y:\Fisheries Management\Project Tracking\Protocols\IA13_002 Sampling Guide.pdf 
LHA_IA13_003,Field Protocol,Y:\Fisheries Management\Project Tracking\Protocols\IA13_003 Sampling Guide.pdf 
LHA_IA13_005,Field Protocol,Y:\Fisheries Management\Project Tracking\Protocols\IA13_005 Sampling Guide.pdf 
LHA_IA13_006,Field Protocol,Y:\Fisheries Management\Project Tracking\Protocols\IA13_006 Sampling Guide.pdf 
LHA_IA13_007,Field Protocol,Y:\Fisheries Management\Project Tracking\Protocols\IA13_007 Sampling Guide.pdf 
LHA_IA13_008,Field Protocol,Y:\Fisheries Management\Project Tracking\Protocols\IA13_008 Sampling Guide.pdf 
LHA_SC13_001,Field Protocol,Y:\Fisheries Management\Project Tracking\Protocols\Owen Sound Shore Creel Survey 2013.doc 
LHA_SF13_404,Field Protocol,Y:\Fisheries Management\Project Tracking\Protocols\2013_Chantry_Derby_Protocol.doc 
LHA_SF13_501,Field Protocol,Y:\Fisheries Management\Project Tracking\Protocols\2013_Salmon_Derby_Protocol.doc 
