LHA_IA09_007,Project Proposal Presentation,Y:\Fisheries Management\Project Tracking\Presentations\2009 OSIA_ProjDescriptions.ppt 
LHA_SF09_401,Project Proposal Presentation,Y:\Fisheries Management\Project Tracking\Presentations\2009 Derby Sampling.ppt 
LHA_SF09_404,Project Proposal Presentation,Y:\Fisheries Management\Project Tracking\Presentations\2009 Derby Sampling.ppt 
LHA_SF09_501,Project Proposal Presentation,Y:\Fisheries Management\Project Tracking\Presentations\2009 Derby Sampling.ppt 
LHA_IA09_002,Project Proposal Presentation,Y:\Fisheries Management\Project Tracking\Presentations\2009 OSIA_ProjDescriptions.ppt 
LHA_IA09_005,Project Proposal Presentation,Y:\Fisheries Management\Project Tracking\Presentations\2009 OSIA_ProjDescriptions.ppt 
LHA_IA09_006,Project Proposal Presentation,Y:\Fisheries Management\Project Tracking\Presentations\2009 OSIA_ProjDescriptions.ppt 
LHA_IA09_026,Project Proposal Presentation,Y:\Fisheries Management\Project Tracking\Presentations\2009_LH_IndexLakeTrout.ppt 
LHA_IA09_027,Project Proposal Presentation,Y:\Fisheries Management\Project Tracking\Presentations\2009_LH_IndexLakeTrout.ppt 
LHA_IA09_028,Project Proposal Presentation,Y:\Fisheries Management\Project Tracking\Presentations\MNR-OCFA_NorthChannel_Partnership_July09.ppt 
LHA_IA09_233,Project Proposal Presentation,Y:\Fisheries Management\Project Tracking\Presentations\Liskauskas_Shawanagaarea_ESTN_2009.ppt 
LHA_IA09_257,Project Proposal Presentation,Y:\Fisheries Management\Project Tracking\Presentations\LHA_IA09_257_PointeauBaril_SMIN_proposal.ppt 
LHA_IA10_002,Project Proposal Presentation,Y:\Fisheries Management\Project Tracking\Presentations\2010 OSIA_ProjDescriptions.ppt 
LHA_IA10_003,Project Proposal Presentation,Y:\Fisheries Management\Project Tracking\Presentations\2010 OSIA_ProjDescriptions.ppt 
LHA_IA10_005,Project Proposal Presentation,Y:\Fisheries Management\Project Tracking\Presentations\2010 OSIA_ProjDescriptions.ppt 
LHA_IA10_006,Project Proposal Presentation,Y:\Fisheries Management\Project Tracking\Presentations\2010 OSIA_ProjDescriptions.ppt 
LHA_IA10_007,Project Proposal Presentation,Y:\Fisheries Management\Project Tracking\Presentations\2010 OSIA_ProjDescriptions.ppt 
LHA_IA10_027,Project Proposal Presentation,Y:\Fisheries Management\Project Tracking\Presentations\2010 OSIA_ProjDescriptions.ppt 
LHA_SF10_401,Project Proposal Presentation,Y:\Fisheries Management\Project Tracking\Presentations\2010_Derby Monitoring_Proposal.ppt 
LHA_SF10_404,Project Proposal Presentation,Y:\Fisheries Management\Project Tracking\Presentations\2010_Derby Monitoring_Proposal.ppt 
LHA_SF10_501,Project Proposal Presentation,Y:\Fisheries Management\Project Tracking\Presentations\2010_Derby Monitoring_Proposal.ppt 
LHA_FA11_STO,Project Proposal Presentation,
LHA_SF11_603,Project Proposal Presentation,Y:\Fisheries Management\Project Tracking\Presentations\Sampling_Presentation.ppt 
LHA_IA11_119,Project Proposal Presentation,Y:\Fisheries Management\Project Tracking\Presentations\2011_SB_FLIN.ppt 
LHA_IS11_119,Project Proposal Presentation,Y:\Fisheries Management\Project Tracking\Presentations\2011_SB_FLIN.ppt 
LHA_IS11_007,Project Proposal Presentation,Y:\Fisheries Management\Project Tracking\Presentations\LHA_IS11_007_ProposalPresentation.pdf 
LHA_FS11_001,Project Proposal Presentation,"Y:\Fisheries Management\Project Tracking\Presentations\Stocking Presentation May 11, 2011.ppt "
LHA_CF09_001,Project Proposal Presentation,Y:\Fisheries Management\Project Tracking\Presentations\LHA_CF09_001_Proposal.ppt 
LHA_SC01_401,Project Proposal Presentation,Y:\Fisheries Management\Project Tracking\Presentations\2010_Derby Monitoring_Proposal.ppt 
LHA_BN09_001,Project Proposal Presentation,Y:\Fisheries Management\Project Tracking\Presentations\LHA_BN09_001_BenthicSampling_Comp.ppt 
LHA_IA09_105,Project Proposal Presentation,Y:\Fisheries Management\Project Tracking\Presentations\LHA_IA09_105_BruceArchipelago_Proposal.ppt 
LHA_IA09_700,Project Proposal Presentation,Y:\Fisheries Management\Project Tracking\Presentations\LHA_IA09_700_Proposal.ppt 
LHA_SC09_120,Project Proposal Presentation,Y:\Fisheries Management\Project Tracking\Presentations\2009_LH_Creels-Proposals.ppt 
LHA_IS09_140,Project Proposal Presentation,Y:\Fisheries Management\Project Tracking\Presentations\LHA_IS09_140_OS_081.ppt 
LHA_IS09_031,Project Proposal Presentation,Y:\Fisheries Management\Project Tracking\Presentations\LHA_IS09_031_Proposal.ppt 
LHA_IA09_260,Project Proposal Presentation,Y:\Fisheries Management\Project Tracking\Presentations\LHA_IA09_260_OCFA_Walleye_Proposal.ppt 
LHA_IS12_007,Project Proposal Presentation,Y:\Fisheries Management\Project Tracking\Presentations\LHA_IS12_007_ProposalPresentation.pdf 
