LHA_IA07_002,Project Description,Y:\Fisheries Management\Project Tracking\Descriptions\Project_Description_CapeRichIndex_IA07_002.pdf 
LHA_IA09_007,Project Description,Y:\Fisheries Management\Project Tracking\Descriptions\Project_Description_ClappertonIndex_IA09_007.doc 
LHA_SC06_120,Project Description,Y:\Fisheries Management\Project Tracking\Descriptions\UGLMU Project Description SC06_120 S Manitoulin Creel.doc 
LHA_SC06_122,Project Description,Y:\Fisheries Management\Project Tracking\Descriptions\UGLMU Project Description SC06_122 South Bay Roving Creel.doc 
LHA_SC09_120,Project Description,Y:\Fisheries Management\Project Tracking\Descriptions\The South Bay Summer Creel Survey 2009.doc 
LHA_IA09_260,Project Description,Y:\Fisheries Management\Project Tracking\Descriptions\EGB walleye spawning project protocol_2009.doc 
LHA_SC08_033,Project Description,Y:\Fisheries Management\Project Tracking\Descriptions\The Parry Sound Summer Creel Survey 2008.doc 
LHA_SC07_120,Project Description,Y:\Fisheries Management\Project Tracking\Descriptions\UGLMU Project Description SC07_120 S Manitoulin Creel.doc 
LHA_SC08_120,Project Description,Y:\Fisheries Management\Project Tracking\Descriptions\The South Bay Summer Creel Survey 2008.doc 
LHA_SC09_033,Project Description,Y:\Fisheries Management\Project Tracking\Descriptions\Parry Sound Winter Creel 2009.doc 
LHA_IA07_01A,Project Description,Y:\Fisheries Management\Project Tracking\Descriptions\Project Description_LHA_IA07_01A.pdf 
LHA_IA06_01A,Project Description,Y:\Fisheries Management\Project Tracking\Descriptions\Project Description_OwenSound_IA06_01A.pdf 
LHA_IA06_01B,Project Description,Y:\Fisheries Management\Project Tracking\Descriptions\Project Description_Limestones_IA06_01B.pdf 
LHA_IS05_014,Project Description,Y:\Fisheries Management\Project Tracking\Descriptions\LHA_IS05_014 Project Description.doc 
LHA_IS05_140,Project Description,Y:\Fisheries Management\Project Tracking\Descriptions\LHA_IS05_140 Project Description.doc 
LHA_IS04_014,Project Description,Y:\Fisheries Management\Project Tracking\Descriptions\LHA_IS04_014 Project Description.doc 
LHA_IS04_140,Project Description,Y:\Fisheries Management\Project Tracking\Descriptions\LHA_IS04_140 Project Description.doc 
LHA_SC01_000,Project Description,Y:\Fisheries Management\Project Tracking\Descriptions\UGLMU Project Description_Owen Sound Creel-Access.doc 
LHA_SC01_001,Project Description,Y:\Fisheries Management\Project Tracking\Descriptions\UGLMU Project Description_Owen Sound Creel-Roving.doc 
LHA_SC01_100,Project Description,Y:\Fisheries Management\Project Tracking\Descriptions\UGLMU Project Description_CLH Creel-Access.doc 
LHA_SC01_101,Project Description,Y:\Fisheries Management\Project Tracking\Descriptions\UGLMU Project Description_CLH Creel-Roving.doc 
LHA_SC01_120,Project Description,Y:\Fisheries Management\Project Tracking\Descriptions\UGLMU Project Description_NLH Creel-Access.doc 
LHA_CF01_001,Project Description,Y:\Fisheries Management\Project Tracking\Descriptions\UGLMU Project Description_Comm Catch_GBay.doc 
LHA_IA07_700,Project Description,Y:\Fisheries Management\Project Tracking\Descriptions\LHA_IA07_700 Project Description.pdf 
LHA_IA08_700,Project Description,Y:\Fisheries Management\Project Tracking\Descriptions\IA08_700 Project Description.pdf 
LHA_IA09_700,Project Description,Y:\Fisheries Management\Project Tracking\Descriptions\IA09_700 Project Description.pdf 
LHA_IS07_031,Project Description,Y:\Fisheries Management\Project Tracking\Descriptions\LHA_IS07_031 Project Description.pdf 
LHA_IS08_031,Project Description,Y:\Fisheries Management\Project Tracking\Descriptions\IS08_031 Project Description.pdf 
LHA_IS09_031,Project Description,Y:\Fisheries Management\Project Tracking\Descriptions\IS09_031 Project Description.doc 
LHA_IA06_01F,Project Description,Y:\Fisheries Management\Project Tracking\Descriptions\LHA_IA06_01F Project Description.doc 
LHA_IA07_019,Project Description,Y:\Fisheries Management\Project Tracking\Descriptions\IA07_019 Description - Providence.pdf 
LHA_IA07_007,Project Description,Y:\Fisheries Management\Project Tracking\Descriptions\IA07_007 Description - Clapperton.pdf 
LHA_IA07_006,Project Description,Y:\Fisheries Management\Project Tracking\Descriptions\IA07_006 Description - Grand Bend.pdf 
LHA_IA07_005,Project Description,Y:\Fisheries Management\Project Tracking\Descriptions\IA07_005 Description - Southampton.pdf 
LHA_IA08_119,Project Description,Y:\Fisheries Management\Project Tracking\Descriptions\IA08_119 Offshore Index - South Bay.pdf 
LHA_IA08_020,Project Description,Y:\Fisheries Management\Project Tracking\Descriptions\IA08_020 Offshore Index - Douglas Point.pdf 
LHA_IA08_007,Project Description,Y:\Fisheries Management\Project Tracking\Descriptions\IA08_007 Offshore Index - Clapperton.pdf 
LHA_IA08_006,Project Description,Y:\Fisheries Management\Project Tracking\Descriptions\IA08_006 Offshore Index - Grand Bend.pdf 
LHA_IA08_005,Project Description,Y:\Fisheries Management\Project Tracking\Descriptions\IA08_005 Offshore Index - Southampton.pdf 
LHA_IA08_002,Project Description,Y:\Fisheries Management\Project Tracking\Descriptions\IA08_002 Offshore Index - Cape Rich.pdf 
LHA_IS09_140,Project Description,Y:\Fisheries Management\Project Tracking\Descriptions\IS09_140 GN Description.doc 
LHA_IS09_014,Project Description,Y:\Fisheries Management\Project Tracking\Descriptions\IS09_014 TN Description.doc 
LHA_SC05_033,Project Description,Y:\Fisheries Management\Project Tracking\Descriptions\Parry Sound Winter Creel Study Design.doc 
LHA_IA03_002,Project Description,Y:\Fisheries Management\Project Tracking\Descriptions\IA03_002 Project Description.doc 
LHA_IA03_005,Project Description,Y:\Fisheries Management\Project Tracking\Descriptions\IA03_005 Project Description.doc 
LHA_IA03_006,Project Description,Y:\Fisheries Management\Project Tracking\Descriptions\IA03_006 Project Description.doc 
LHA_IA03_007,Project Description,Y:\Fisheries Management\Project Tracking\Descriptions\IA03_007 Project Description.doc 
LHA_IA03_009,Project Description,Y:\Fisheries Management\Project Tracking\Descriptions\IA03_009 Project Description.doc 
LHA_IA03_700,Project Description,Y:\Fisheries Management\Project Tracking\Descriptions\IA03_700 Project Description.doc 
LHA_IS03_014,Project Description,Y:\Fisheries Management\Project Tracking\Descriptions\LHA_IS03_014 Project Description.doc 
LHA_IS03_140,Project Description,Y:\Fisheries Management\Project Tracking\Descriptions\LHA_IS03_140 Project Description.doc 
LHA_SC03_000,Project Description,Y:\Fisheries Management\Project Tracking\Descriptions\UGLMU Project Description_Owen Sound Creel-Access2003.doc 
LHA_SC03_001,Project Description,Y:\Fisheries Management\Project Tracking\Descriptions\Completion report Owen Sound Roving Creel 2003.doc 
LHA_SC03_033,Project Description,Y:\Fisheries Management\Project Tracking\Descriptions\UGLMU Project Description_parry sound winter2003.doc 
LHA_SC03_111,Project Description,Y:\Fisheries Management\Project Tracking\Descriptions\UGLMU Project Description_CLH Creel-Roving2003.doc 
LHA_SC03_110,Project Description,Y:\Fisheries Management\Project Tracking\Descriptions\UGLMU Project Description_CLH Creel-Access2003.doc 
LHA_IA03_111,Project Description,Y:\Fisheries Management\Project Tracking\Descriptions\UGLMU Project Description_WhitefishFalls_SWIN_2003.doc 
LHA_IA03_251,Project Description,Y:\Fisheries Management\Project Tracking\Descriptions\UGLMU Project Description_2003_Severn_Sound_ESTN.doc 
LHA_IA03_252,Project Description,Y:\Fisheries Management\Project Tracking\Descriptions\SMIN2003MagnetewanRiver project description.doc 
LHA_IA03_255,Project Description,Y:\Fisheries Management\Project Tracking\Descriptions\UGLMU Project Description_2003_Severn_Sound_SWIN.doc 
LHA_SC03_120,Project Description,Y:\Fisheries Management\Project Tracking\Descriptions\UGLMU Project Description_NLH Suth Baymouth Creel-Access2003.doc 
LHA_SC03_220,Project Description,Y:\Fisheries Management\Project Tracking\Descriptions\UGLMU Project Description_ gore bay Creel-Access2003.doc 
LHA_SF03_200,Project Description,Y:\Fisheries Management\Project Tracking\Descriptions\UGLMU Project Description_BASS_Tournament.doc 
LHA_IA04_002,Project Description,Y:\Fisheries Management\Project Tracking\Descriptions\UGLMU  Project Description IA04_002.doc 
LHA_IA04_005,Project Description,Y:\Fisheries Management\Project Tracking\Descriptions\Completion_Report_IA04_005.pdf 
LHA_IA04_006,Project Description,Y:\Fisheries Management\Project Tracking\Descriptions\UGLMU  Project Description  IA04_006.doc 
LHA_IA04_007,Project Description,Y:\Fisheries Management\Project Tracking\Descriptions\UGLMU  Project Description IA04_007.doc 
LHA_IA04_009,Project Description,Y:\Fisheries Management\Project Tracking\Descriptions\UGLMU  Project Description IA04_009 .doc 
LHA_IA04_013,Project Description,Y:\Fisheries Management\Project Tracking\Descriptions\UGLMU Project Description_2004_Iroquois Bay_IA04_013.doc 
LHA_IA04_022,Project Description,Y:\Fisheries Management\Project Tracking\Descriptions\UGLMU Project Description_2004_Moon River_ESTN_IA04_022.doc 
LHA_IA04_116,Project Description,Y:\Fisheries Management\Project Tracking\Descriptions\UGLMU Project Description_2004_Moon_River_IA04_116.doc 
LHA_IA04_240,Project Description,Y:\Fisheries Management\Project Tracking\Descriptions\UGLMU Project Description_2004_LWF_Spawn_Assess_IA04_240.pdf 
LHA_IA04_251,Project Description,Y:\Fisheries Management\Project Tracking\Descriptions\UGLMU Project Description_2004_Severn_Sound_ESTN_IA04_251.doc 
LHA_IA04_255,Project Description,Y:\Fisheries Management\Project Tracking\Descriptions\Protocol_2004_Severn_Sound_SWIN_IA04_255.doc 
LHA_IA04_700,Project Description,Y:\Fisheries Management\Project Tracking\Descriptions\UGLMU_Project Description_COA_SmallFish_(LHA_IA04_700).pdf 
LHA_IA04_F14,Project Description,Y:\Fisheries Management\Project Tracking\Descriptions\UGLMU Project Description_2004_Fraser Bay_IA04_F14.doc 
LHA_IA04_F13,Project Description,Y:\Fisheries Management\Project Tracking\Descriptions\UGLMU Project Description_2004_Iroquois Bay_IA04_F13.doc 
LHA_IS04_018,Project Description,Y:\Fisheries Management\Project Tracking\Descriptions\UGLMU Project Description_2004_Parry Sound_IS04_018.doc 
LHA_BN08_001,Project Description,Y:\Fisheries Management\Project Tracking\Descriptions\IA08_BEN Offshore Index - Benthic.pdf 
LHA_CF07_001,Project Description,Y:\Fisheries Management\Project Tracking\Descriptions\UGLMU Project Description_LHA_CF07_001_CommCatchSampling2007.doc 
LHA_IA07_231,Project Description,Y:\Fisheries Management\Project Tracking\Descriptions\UGLMU Project Description_2007_McGregorBay_SWIN_IA07_231.pdf 
LHA_IA07_250,Project Description,Y:\Fisheries Management\Project Tracking\Descriptions\Muskellunge Spawning Index Protocol 2007_IA07_250.pdf 
LHA_IA07_251,Project Description,Y:\Fisheries Management\Project Tracking\Descriptions\UGLMU Project Description_2007_Severn_Sound_ESTN_IA07_251.pdf 
LHA_IA07_258,Project Description,Y:\Fisheries Management\Project Tracking\Descriptions\UGLMU Project Description_SevernSound_FWIN_2007_IA07_258.doc 
LHA_BS06_101,Project Description,Y:\Fisheries Management\Project Tracking\Descriptions\UGLMU Project Description_BroodstockStockingJan2006.doc 
LHA_IA06_002,Project Description,Y:\Fisheries Management\Project Tracking\Descriptions\Proj_Description_CapeRichIndex_IA06_002.pdf 
LHA_IA06_005,Project Description,Y:\Fisheries Management\Project Tracking\Descriptions\Proj_Description_SouthamptonIndex_IA06_005.pdf 
LHA_IA06_006,Project Description,Y:\Fisheries Management\Project Tracking\Descriptions\Proj_Description_GrandBendIndex_IA06_006.pdf 
LHA_IA06_007,Project Description,Y:\Fisheries Management\Project Tracking\Descriptions\Proj_Description_ClappertonIndex_IA06_007.pdf 
LHA_IA06_258,Project Description,Y:\Fisheries Management\Project Tracking\Descriptions\UGLMU Project Description_FWIN2006SevernSound.doc 
LHA_IS06_018,Project Description,Y:\Fisheries Management\Project Tracking\Descriptions\UGLMU Project Description_2006_Parry Sound_IS06_018.doc 
LHA_IA05_002,Project Description,Y:\Fisheries Management\Project Tracking\Descriptions\Proj_Description_CapeRichIndex_IA05_002.pdf 
LHA_IA05_005,Project Description,Y:\Fisheries Management\Project Tracking\Descriptions\Proj_Description_SouthamptonIndex_IA05_005.pdf 
LHA_IA05_006,Project Description,Y:\Fisheries Management\Project Tracking\Descriptions\Proj_Description_BayfieldIndex_IA05_006.pdf 
LHA_IA05_007,Project Description,Y:\Fisheries Management\Project Tracking\Descriptions\Proj_Description_ClappertonIndex_IA05_007.pdf 
LHA_IA05_009,Project Description,Y:\Fisheries Management\Project Tracking\Descriptions\Proj_Description_TobermoryIndex_IA05_009.pdf 
LHA_IA05_016,Project Description,Y:\Fisheries Management\Project Tracking\Descriptions\UGLMU Project Description_2005_Moon_River_SMIN_IA05_016.doc 
LHA_IA05_022,Project Description,Y:\Fisheries Management\Project Tracking\Descriptions\UGLMU Project Description_2005_Moon River_ESTN_IA05_022.doc 
LHA_IA05_250,Project Description,Y:\Fisheries Management\Project Tracking\Descriptions\UGLMU Project Description_2005_Severn_Sound_SMIN_IA05_250.doc 
LHA_IA05_251,Project Description,Y:\Fisheries Management\Project Tracking\Descriptions\UGLMU Project Description_2005_Severn_Sound_ESTN_IA05_251.doc 
LHA_IA05_252,Project Description,Y:\Fisheries Management\Project Tracking\Descriptions\UGLMU Project Description_2005_Magnetewan_River_SMIN_IA05_252.doc 
LHA_IA05_256,Project Description,Y:\Fisheries Management\Project Tracking\Descriptions\UGLMU Project Description_2005_Musquash_River_SWIN_IA05_256.doc 
LHA_IA05_700,Project Description,Y:\Fisheries Management\Project Tracking\Descriptions\Project Description_COA_SmallFish_LHA_IA05_700.doc 
LHA_IS05_018,Project Description,Y:\Fisheries Management\Project Tracking\Descriptions\UGLMU Project Description_2005_Parry Sound_IS05_018.doc 
LHA_SC05_100,Project Description,Y:\Fisheries Management\Project Tracking\Descriptions\UGLMU Project Description_CLH Creel-Access2005.doc 
LHA_SC05_120,Project Description,Y:\Fisheries Management\Project Tracking\Descriptions\UGLMU Project Description_ManitoulinSouthCreel-Access2005.doc 
LHA_IS08_014,Project Description,Y:\Fisheries Management\Project Tracking\Descriptions\LHA_IS08_014 Project Description.doc 
LHA_IA09_257,Project Description,Y:\Fisheries Management\Project Tracking\Descriptions\UGLMU Project Description_2009_PointeauBaril_SMIN_IA09_257_259.pdf 
LHA_IA09_002,Project Description,Y:\Fisheries Management\Project Tracking\Descriptions\Project_Description_CapeRichIndex_IA09_002.doc 
LHA_IA09_003,Project Description,Y:\Fisheries Management\Project Tracking\Descriptions\Project_Description_CollingwoodIndex_IA09_003.doc 
LHA_IA09_005,Project Description,Y:\Fisheries Management\Project Tracking\Descriptions\Project_Description_SouthamptonIndex_IA09_005.doc 
LHA_IA09_006,Project Description,Y:\Fisheries Management\Project Tracking\Descriptions\Project_Description_GrandBendIndex_IA09_006.doc 
LHA_IA09_026,Project Description,Y:\Fisheries Management\Project Tracking\Descriptions\Project_Description_StokesBayLakeTroutIndex_IA09_026.doc 
LHA_IA09_027,Project Description,Y:\Fisheries Management\Project Tracking\Descriptions\Project_Description_WatchersLakeTroutIndex_IA09_027.doc 
LHA_BN09_001,Project Description,Y:\Fisheries Management\Project Tracking\Descriptions\Project_Description_BenthicSampling_IA09_Ben.doc 
LHA_IA09_233,Project Description,Y:\Fisheries Management\Project Tracking\Descriptions\UGLMU Project Description_Shawanaga_ESTN_IA09_233-May22-09.doc 
LHA_IA09_F14,Project Description,Y:\Fisheries Management\Project Tracking\Descriptions\UGLMU Project Description_2009_FraserBay_IA09_F14.doc 
LHA_IA09_F13,Project Description,Y:\Fisheries Management\Project Tracking\Descriptions\UGLMU Project Description_2009_IroquoisBay_IA09_F13.doc 
LHA_IA10_003,Project Description,Y:\Fisheries Management\Project Tracking\Descriptions\Project_Description_CollingwoodIndex_IA10_003.doc 
LHA_IA10_005,Project Description,Y:\Fisheries Management\Project Tracking\Descriptions\Project_Description_SouthamptonIndex_IA10_005.doc 
LHA_IA10_006,Project Description,Y:\Fisheries Management\Project Tracking\Descriptions\Project_Description_GrandBendIndex_IA10_006.doc 
LHA_IA10_007,Project Description,Y:\Fisheries Management\Project Tracking\Descriptions\Project_Description_ClappertonIndex_IA10_007.doc 
LHA_IS10_031,Project Description,Y:\Fisheries Management\Project Tracking\Descriptions\IS10_031 Description.pdf 
LHA_IA10_031,Project Description,Y:\Fisheries Management\Project Tracking\Descriptions\IA10_031 Description.pdf 
LHA_IA10_002,Project Description,Y:\Fisheries Management\Project Tracking\Descriptions\Project_Description_CapeRichIndex_IA10_002.doc 
LHA_IA10_255,Project Description,Y:\Fisheries Management\Project Tracking\Descriptions\UGLMU Project Description__Severn_Sound_SWIN_IA10_255.doc 
LHA_IA10_251,Project Description,Y:\Fisheries Management\Project Tracking\Descriptions\UGLMU_Project Description_SevernSound_ESTN_IA10_251.doc 
LHA_IA10_252,Project Description,Y:\Fisheries Management\Project Tracking\Descriptions\UGLMU Project Description_2010_MagnetewanR_SMIN_IA10_252_253.doc 
LHA_SC01_401,Project Description,Y:\Fisheries Management\Project Tracking\Descriptions\UGLMU Project Description_Derby Monitor Sarnia_LHA_SF01_401.doc 
LHA_SF01_403,Project Description,Y:\Fisheries Management\Project Tracking\Descriptions\UGLMU Project Description_Derby Monitor Chantry_LHA_SF01_403.doc 
LHA_SF01_404,Project Description,Y:\Fisheries Management\Project Tracking\Descriptions\UGLMU Project Description_Derby Monitor G. Bend_LHA_SF01_404.doc 
LHA_SF01_501,Project Description,Y:\Fisheries Management\Project Tracking\Descriptions\UGLMU Project Description_Derby Monitor Owen Sound_LHA_SF01_501.doc 
LHA_SF01_402,Project Description,Y:\Fisheries Management\Project Tracking\Descriptions\UGLMU Project Description_Derby Monitor Kincardine_LHA_SF01_402.doc 
LHA_SF01_401,Project Description,Y:\Fisheries Management\Project Tracking\Descriptions\UGLMU Project Description_Derby Monitor Sarnia_LHA_SF01_401.doc 
LHA_IA10_700,Project Description,Y:\Fisheries Management\Project Tracking\Descriptions\IA10_700 Description.pdf 
LHA_IA10_027,Project Description,Y:\Fisheries Management\Project Tracking\Descriptions\Project_Description_WatchersLakeTroutIndex_IA10_027.doc 
LHA_IS10_014,Project Description,Y:\Fisheries Management\Project Tracking\Descriptions\IS10_014 Description.doc 
LHA_IS10_140,Project Description,Y:\Fisheries Management\Project Tracking\Descriptions\IS10_140 Description.doc 
LHA_SC11_053,Project Description,Y:\Fisheries Management\Project Tracking\Descriptions\The Severn Sound Winter Creel Survey 2011.doc 
LHA_IS11_031,Project Description,Y:\Fisheries Management\Project Tracking\Descriptions\IS11_031 Description.pdf 
LHA_IS11_032,Project Description,Y:\Fisheries Management\Project Tracking\Descriptions\IS11_032 Description.pdf 
LHA_IA01_334,Project Description,Y:\Fisheries Management\Project Tracking\Descriptions\UGLMU Project Description_ESTN2001BayofIslands_LHA_IA01_334.doc 
LHA_IA01_223,Project Description,Y:\Fisheries Management\Project Tracking\Descriptions\UGLMU Project Description_SMIN2001FrenchRiver_LHA_IA01_223.doc 
LHA_IA01_111,Project Description,Y:\Fisheries Management\Project Tracking\Descriptions\UGLMU Project Description_SWIN2001WhitefishFalls_LHA_IA01_111.doc 
LHA_IA01_005,Project Description,Y:\Fisheries Management\Project Tracking\Descriptions\UGLMU Project Description_LHA_IA01_005.doc 
LHA_IA01_50S,Project Description,Y:\Fisheries Management\Project Tracking\Descriptions\UGLMU Project Description-Fishways 2001_LHA_IA01_50S-51S-54S.doc 
LHA_IA11_002,Project Description,Y:\Fisheries Management\Project Tracking\Descriptions\IA11_002 Description.pdf 
LHA_IA11_003,Project Description,Y:\Fisheries Management\Project Tracking\Descriptions\IA11_003 Description.pdf 
LHA_IA11_006,Project Description,Y:\Fisheries Management\Project Tracking\Descriptions\IA11_006 Description.pdf 
LHA_IA11_005,Project Description,Y:\Fisheries Management\Project Tracking\Descriptions\IA11_005 Description.pdf 
LHA_IA11_008,Project Description,Y:\Fisheries Management\Project Tracking\Descriptions\IA11_008 Description.pdf 
LHA_IA11_007,Project Description,Y:\Fisheries Management\Project Tracking\Descriptions\IA11_007 Description.pdf 
LHA_IA11_01B,Project Description,Y:\Fisheries Management\Project Tracking\Descriptions\IA11_01B Description.pdf 
LHA_IA11_700,Project Description,Y:\Fisheries Management\Project Tracking\Descriptions\IA11_700 Description.pdf 
LHA_SS10_001,Project Description,Y:\Fisheries Management\Project Tracking\Descriptions\UGLMU Project Description LHA_SS10_001.doc 
LHA_FA11_STO,Project Description,Y:\Fisheries Management\Project Tracking\Descriptions\DietStudyDescription.pdf 
LHA_IA10_F14,Project Description,Y:\Fisheries Management\Project Tracking\Descriptions\UGLMU Project Description_2010_FrazerBay_IA10_F14.doc 
LHA_IA10_F13,Project Description,Y:\Fisheries Management\Project Tracking\Descriptions\UGLMU Project Description_2010_IroquoisBay_IA10_F13.doc 
LHA_FA10_STO,Project Description,Y:\Fisheries Management\Project Tracking\Descriptions\DietStudyDescription.pdf 
LHA_FA05_STO,Project Description,Y:\Fisheries Management\Project Tracking\Descriptions\DietStudyDescription.pdf 
LHA_FA06_STO,Project Description,Y:\Fisheries Management\Project Tracking\Descriptions\DietStudyDescription.pdf 
LHA_FA08_STO,Project Description,Y:\Fisheries Management\Project Tracking\Descriptions\DietStudyDescription.pdf 
LHA_FA07_STO,Project Description,Y:\Fisheries Management\Project Tracking\Descriptions\DietStudyDescription.pdf 
LHA_FA09_STO,Project Description,Y:\Fisheries Management\Project Tracking\Descriptions\UGLMU Project Description diet project 2009.doc 
LHA_SF11_603,Project Description,Y:\Fisheries Management\Project Tracking\Descriptions\UGLMU_Protocol_2011_12_Nottawasaga_Volunteer_Steelhead_Sampling.doc 
LHA_IA11_119,Project Description,Y:\Fisheries Management\Project Tracking\Descriptions\UGLMU Project Description_2011_South Bay_IA11_119.doc 
LHA_IS11_119,Project Description,Y:\Fisheries Management\Project Tracking\Descriptions\UGLMU Project Description_LHA_IA11_119.doc 
LHA_CC11_003,Project Description,Y:\Fisheries Management\Project Tracking\Descriptions\UGLMU Project Description_LHA_CC11_003.doc 
LHA_CH11_001,Project Description,Y:\Fisheries Management\Project Tracking\Descriptions\UGLMU Project Description_LHA_CH11_001.doc 
LHA_SS11_001,Project Description,Y:\Fisheries Management\Project Tracking\Descriptions\UGLMU Project Description LHA_SS11_001.doc 
LHA_CH10_001,Project Description,Y:\Fisheries Management\Project Tracking\Descriptions\UGLMU Project Description_LHA_CH10_001.doc 
LHA_FA11_GE1,Project Description,Y:\Fisheries Management\Project Tracking\Descriptions\03-28_2010-12_Project Description Form_LTgeneticstrainUSGSver1.doc 
LHA_CF11_001,Project Description,Y:\Fisheries Management\Project Tracking\Descriptions\CommCatchSampling2011_UGLMU Project Description_LHA_CF11_001.doc 
LHA_FA11_LAM,Project Description,Y:\Fisheries Management\Project Tracking\Descriptions\SeaLampreyMarkSummary2011_UGLMU Project Description_LHA_FA11_LAM.doc 
LHA_FA11_CWT,Project Description,Y:\Fisheries Management\Project Tracking\Descriptions\CodedWireTagSummary2011_UGLMU Project Description_LHA_FA11_CWT.doc 
LHA_FA11_WFT,Project Description,Y:\Fisheries Management\Project Tracking\Descriptions\WeightFormTypeDataReview2011_UGLMU Project Description_LHA_FA11_WFT.doc 
LHA_IA11_301,Project Description,Y:\Fisheries Management\Project Tracking\Descriptions\UGLMU Project Description_2011_SpanishRDelta_SMIN_IA11_301_302.doc 
LHA_IA11_303,Project Description,Y:\Fisheries Management\Project Tracking\Descriptions\UGLMU_Project Description_SpanishRDelta_ESTN_IA11_303.doc 
LHA_IA11_701,Project Description,Y:\Fisheries Management\Project Tracking\Descriptions\IA11_701 Description.pdf 
LHA_FA12_CWT,Project Description,Y:\Fisheries Management\Project Tracking\Descriptions\CodedWireTagSummary2012_UGLMU Project Description_LHA_FA12_CWT.doc 
LHA_IS12_031,Project Description,Y:\Fisheries Management\Project Tracking\Descriptions\IS12_031 Description.pdf 
LHA_IA12_001,Project Description,Y:\Fisheries Management\Project Tracking\Descriptions\CommCatchSampling2012_UGLMU Project Description_LHA_CF12_001.doc 
LHA_IA12_251,Project Description,Y:\Fisheries Management\Project Tracking\Descriptions\Project Description_2012_SevernSound_ESTN_IA12_251.doc 
LHA_IA12_022,Project Description,Y:\Fisheries Management\Project Tracking\Descriptions\Project Description_2012_Moon River_ESTN_IA12_022.doc 
LHA_IA12_002,Project Description,Y:\Fisheries Management\Project Tracking\Descriptions\IA12_002 Description.pdf 
LHA_IA12_005,Project Description,Y:\Fisheries Management\Project Tracking\Descriptions\IA12_005 Description.pdf 
LHA_IA12_006,Project Description,Y:\Fisheries Management\Project Tracking\Descriptions\IA12_006 Description.pdf 
LHA_IA12_003,Project Description,Y:\Fisheries Management\Project Tracking\Descriptions\IA12_003 Description.pdf 
LHA_IA12_007,Project Description,Y:\Fisheries Management\Project Tracking\Descriptions\IA12_007 Description.pdf 
LHA_IA12_008,Project Description,Y:\Fisheries Management\Project Tracking\Descriptions\IA12_008 Description.pdf 
LHA_IA12_700,Project Description,Y:\Fisheries Management\Project Tracking\Descriptions\IA12_700 Description.pdf 
LHA_IA12_J31,Project Description,Y:\Fisheries Management\Project Tracking\Descriptions\IA12_J31 Description.pdf 
LHA_SC12_052,Project Description,Y:\Fisheries Management\Project Tracking\Descriptions\SevernSound2012.doc 
LHA_FA12_STO,Project Description,Y:\Fisheries Management\Project Tracking\Descriptions\DietStudyDescription.pdf 
LHA_IA12_116,Project Description,Y:\Fisheries Management\Project Tracking\Descriptions\UGLMU_Project Description_2012_Moon River_SWIN_IA12_116.doc 
LHA_IA12_009,Project Description,Y:\Fisheries Management\Project Tracking\Descriptions\UGLMU  Project Description Deepwater Cisco 2012doc.doc 
LHA_SF12_501,Project Description,Y:\Fisheries Management\Project Tracking\Descriptions\2012_Salmon_Derby_Protocol.doc 
LHA_SF12_404,Project Description,Y:\Fisheries Management\Project Tracking\Descriptions\2012_Chantry_Derby_Protocol.doc 
LHA_IA12_701,Project Description,Y:\Fisheries Management\Project Tracking\Descriptions\IA12_701 Description.pdf 
LHA_IA12_119,Project Description,Y:\Fisheries Management\Project Tracking\Descriptions\2012 South Bay FLIN Gill netting project protocol.doc 
LHA_IS12_119,Project Description,Y:\Fisheries Management\Project Tracking\Descriptions\UGLMU Project Description_2012_South Bay_IA12_119.doc 
LHA_SC13_053,Project Description,Y:\Fisheries Management\Project Tracking\Descriptions\The Severn Sound Winter Creel Survey 2013.doc 
LHA_SC13_033,Project Description,
LHA_SC13_DR1,Project Description,Y:\Fisheries Management\Project Tracking\Descriptions\UGLMU Project Description - Saugeen Access Creel 2013.doc 
LHA_IA12_ARR,Project Description,Y:\Fisheries Management\Project Tracking\Descriptions\UGLMU Project Description SLH Acoustic Array Sturgeon and Walleye.doc 
LHA_IS13_031,Project Description,Y:\Fisheries Management\Project Tracking\Descriptions\IS13_031 Description.pdf 
LHA_SC13_000,Project Description,Y:\Fisheries Management\Project Tracking\Descriptions\Owen Sound Creel Survey 2012.doc 
LHA_IA13_002,Project Description,Y:\Fisheries Management\Project Tracking\Descriptions\IA13_002 Description.pdf 
LHA_IA13_003,Project Description,Y:\Fisheries Management\Project Tracking\Descriptions\IA13_003 Description.pdf 
LHA_IA13_005,Project Description,Y:\Fisheries Management\Project Tracking\Descriptions\IA13_005 Description.pdf 
LHA_IA13_006,Project Description,Y:\Fisheries Management\Project Tracking\Descriptions\IA13_006 Description.pdf 
LHA_IA13_007,Project Description,Y:\Fisheries Management\Project Tracking\Descriptions\IA13_007 Description.pdf 
LHA_IA13_008,Project Description,Y:\Fisheries Management\Project Tracking\Descriptions\IA13_008 Description.pdf 
