LHA_IA07_002,Project Proposal,Y:\Fisheries Management\Project Tracking\Proposals\WPP Project Submission Form- CapeRichIndex.doc 
LHA_SC06_120,Project Proposal,
LHA_IS05_240,Project Proposal,Y:\Fisheries Management\Project Tracking\Proposals\2005 SGB Fall Projects.doc 
LHA_IA09_027,Project Proposal,Y:\Fisheries Management\Project Tracking\Proposals\Project_Proposal_LTRZ_IA09_027.doc 
LHA_IA10_027,Project Proposal,Y:\Fisheries Management\Project Tracking\Proposals\Project_Proposal_LTRZ_IA10_027.doc 
LHA_IA10_008,Project Proposal,Y:\Fisheries Management\Project Tracking\Proposals\Project_Proposal_LTRZ_IA10_008.doc 
LHA_IS10_031,Project Proposal,Y:\Fisheries Management\Project Tracking\Proposals\IS10_031 Proposal.pdf 
LHA_IA10_031,Project Proposal,Y:\Fisheries Management\Project Tracking\Proposals\IA10_031 Proposal.pdf 
LHA_IA10_700,Project Proposal,Y:\Fisheries Management\Project Tracking\Proposals\IA10_700 Proposal.doc 
LHA_SC02_053,Project Proposal,Y:\Fisheries Management\Project Tracking\Proposals\Severn Sound Winter Creel 2002.doc 
LHA_IS11_031,Project Proposal,Y:\Fisheries Management\Project Tracking\Proposals\IS11_031 Proposal.pdf 
LHA_IS11_032,Project Proposal,Y:\Fisheries Management\Project Tracking\Proposals\IS11_032 Proposal.pdf 
LHA_FA11_STO,Project Proposal,Y:\Fisheries Management\Project Tracking\Proposals\UGLMU Project Description diet project 2011.doc 
LHA_IA10_F14,Project Proposal,Y:\Fisheries Management\Project Tracking\Proposals\UGLMU Project Description_2010_FrazerBay_IA10_F14.doc 
LHA_SC11_122,Project Proposal,Y:\Fisheries Management\Project Tracking\Proposals\UGLMU Project Description SC11_122 South Bay Roving Creel.doc 
LHA_FA10_STO,Project Proposal,Y:\Fisheries Management\Project Tracking\Proposals\UGLMU Project Description diet project 2010.doc 
LHA_FA05_STO,Project Proposal,Y:\Fisheries Management\Project Tracking\Proposals\UGLMU Project Description diet project 2005.doc 
LHA_FA06_STO,Project Proposal,Y:\Fisheries Management\Project Tracking\Proposals\UGLMU Project Description diet project 2006.doc 
LHA_FA08_STO,Project Proposal,Y:\Fisheries Management\Project Tracking\Proposals\UGLMU Project Description diet project 2008.doc 
LHA_FA07_STO,Project Proposal,Y:\Fisheries Management\Project Tracking\Proposals\UGLMU Project Description diet project 2007.doc 
LHA_FA09_STO,Project Proposal,Y:\Fisheries Management\Project Tracking\Proposals\Stomach Database_proposal.doc 
LHA_FS11_001,Project Proposal,Y:\Fisheries Management\Project Tracking\Proposals\UGLMU Project Description fish stocking 2011.doc 
LHA_FS10_001,Project Proposal,Y:\Fisheries Management\Project Tracking\Proposals\UGLMU Project Description fish stocking 2010.doc 
LHA_IA11_LEG,Project Proposal,Y:\Fisheries Management\Project Tracking\Proposals\IA11_LEG Proposal - Legged Nets.pdf 
LHA_IS11_007,Project Proposal,Y:\Fisheries Management\Project Tracking\Proposals\LHA_IS11_007_LRTZ-2_SpanwingAssessmentProposal.doc 
LHA_IA12_JUB,Project Proposal,Y:\Fisheries Management\Project Tracking\Proposals\IA12_JUB Proposal.doc 
LHA_IS12_007,Project Proposal,Y:\Fisheries Management\Project Tracking\Proposals\LHA_IS12_007_LRTZ-2_SpanwingAssessmentProposal.doc 
