LHA_SC09_120,Summary Report,Y:\Fisheries Management\Project Tracking\Summary\Draft_SouthBaySummerCreelSurveySR09.doc 
LHA_SC08_033,Summary Report,Y:\Fisheries Management\Project Tracking\Summary\ParrySoundsummerCreel2008_SR.doc 
LHA_SC08_120,Summary Report,Y:\Fisheries Management\Project Tracking\Summary\South Bay Summer Creel Survey_FINAL2008.doc 
LHA_SC07_120,Summary Report,Y:\Fisheries Management\Project Tracking\Summary\South Bay Summer Creel Survey_FINAL.doc 
LHA_SC09_033,Summary Report,Y:\Fisheries Management\Project Tracking\Summary\ParrySoundWinterCreel2009_SR.doc 
LHA_IS04_014,Summary Report,Y:\Fisheries Management\Project Tracking\Summary\PS_LHA_IS04_140_014.pdf 
LHA_IS04_140,Summary Report,Y:\Fisheries Management\Project Tracking\Summary\PS_LHA_IS04_140_014.pdf 
LHA_SC06_120,Summary Report,Y:\Fisheries Management\Project Tracking\Summary\SBay Prov Bay Index Port Creel_FINAL.doc 
LHA_SC06_122,Summary Report,Y:\Fisheries Management\Project Tracking\Summary\South Bay Summer Creel Survey_FINAL.doc 
LHA_SC05_100,Summary Report,Y:\Fisheries Management\Project Tracking\Summary\CLHaccesscreel2005 ddraft.doc 
LHA_IA07_700,Summary Report,Y:\Fisheries Management\Project Tracking\Summary\LHA_IA07_700 Project Summary.pdf 
LHA_IA08_700,Summary Report,Y:\Fisheries Management\Project Tracking\Summary\LHA_IA08_700 Project Summary.pdf 
LHA_IS07_031,Summary Report,Y:\Fisheries Management\Project Tracking\Summary\LHA_IS07_031 Project Summary.pdf 
LHA_IS08_031,Summary Report,Y:\Fisheries Management\Project Tracking\Summary\IS08_031 Project Summary.pdf 
LHA_IA06_01F,Summary Report,Y:\Fisheries Management\Project Tracking\Summary\LHA_IA06_01F Summary Report.pdf 
LHA_IA07_020,Summary Report,Y:\Fisheries Management\Project Tracking\Summary\IA07_SUM Project Summary.pdf 
LHA_IA07_019,Summary Report,Y:\Fisheries Management\Project Tracking\Summary\IA07_SUM Project Summary.pdf 
LHA_IA07_007,Summary Report,Y:\Fisheries Management\Project Tracking\Summary\IA07_SUM Project Summary.pdf 
LHA_IA07_006,Summary Report,Y:\Fisheries Management\Project Tracking\Summary\IA07_SUM Project Summary.pdf 
LHA_IA07_005,Summary Report,Y:\Fisheries Management\Project Tracking\Summary\IA07_SUM Project Summary.pdf 
LHA_IA07_002,Summary Report,Y:\Fisheries Management\Project Tracking\Summary\IA07_SUM Project Summary.pdf 
LHA_IA08_002,Summary Report,Y:\Fisheries Management\Project Tracking\Summary\IA08_SUM Project Summary.pdf 
LHA_IA08_005,Summary Report,Y:\Fisheries Management\Project Tracking\Summary\IA08_SUM Project Summary.pdf 
LHA_IA08_006,Summary Report,Y:\Fisheries Management\Project Tracking\Summary\IA08_SUM Project Summary.pdf 
LHA_IA08_007,Summary Report,Y:\Fisheries Management\Project Tracking\Summary\IA08_SUM Project Summary.pdf 
LHA_IA08_020,Summary Report,Y:\Fisheries Management\Project Tracking\Summary\IA08_SUM Project Summary.pdf 
LHA_IA08_119,Summary Report,Y:\Fisheries Management\Project Tracking\Summary\IA08_SUM Project Summary.pdf 
LHA_CF02_001,Summary Report,Y:\Fisheries Management\Project Tracking\Summary\CF_2002_Summary_FullDocument.pdf 
LHA_SC03_033,Summary Report,Y:\Fisheries Management\Project Tracking\Summary\ParrySoundWinterCreel2003_SR.doc 
LHA_IA09_700,Summary Report,Y:\Fisheries Management\Project Tracking\Summary\IA09_700 Project Summary.pdf 
LHA_IA09_257,Summary Report,Y:\Fisheries Management\Project Tracking\Summary\PointeauBaril_UGLMU_Muskellunge Assessment Report_2009.pdf 
LHA_SC03_120,Summary Report,Y:\Fisheries Management\Project Tracking\Summary\southbaymouthcreel2003.doc 
LHA_SC02_120,Summary Report,Y:\Fisheries Management\Project Tracking\Summary\southbaymouthcreel2002.pdf 
LHA_IA06_007,Summary Report,Y:\Fisheries Management\Project Tracking\Summary\PS_LHA_IA06_SUM.pdf 
LHA_IA06_006,Summary Report,Y:\Fisheries Management\Project Tracking\Summary\PS_LHA_IA06_SUM.pdf 
LHA_IA06_005,Summary Report,Y:\Fisheries Management\Project Tracking\Summary\PS_LHA_IA06_SUM.pdf 
LHA_IA06_002,Summary Report,Y:\Fisheries Management\Project Tracking\Summary\PS_LHA_IA06_SUM.pdf 
LHA_IA06_008,Summary Report,Y:\Fisheries Management\Project Tracking\Summary\PS_LHA_IA06_SUM.pdf 
LHA_IS10_031,Summary Report,Y:\Fisheries Management\Project Tracking\Summary\IS10_031 Summary.pdf 
LHA_SC00_100,Summary Report,Y:\Fisheries Management\Project Tracking\Summary\Central Main Basin Index Report 2000.doc 
LHA_SC00_212,Summary Report,Y:\Fisheries Management\Project Tracking\Summary\McGregor Bay_Iroquois Bay Roving Index Report 2000.doc 
LHA_SC00_050,Summary Report,Y:\Fisheries Management\Project Tracking\Summary\Severn Sound Index Report 2000.doc 
LHA_SC00_001,Summary Report,Y:\Fisheries Management\Project Tracking\Summary\Owen Sound Boat Index Report 2000.doc 
LHA_SC00_000,Summary Report,Y:\Fisheries Management\Project Tracking\Summary\Owen Sound Shore Index Creel Report 2000.doc 
LHA_IA97_113,Summary Report,Y:\Fisheries Management\Project Tracking\Summary\MacGregorBaySMIN97.pdf 
LHA_IA97_016,Summary Report,Y:\Fisheries Management\Project Tracking\Summary\moonriverSMIN97.pdf 
LHA_IA98_114,Summary Report,Y:\Fisheries Management\Project Tracking\Summary\bayofislandsSMIN1998.pdf 
LHA_IA00_113,Summary Report,Y:\Fisheries Management\Project Tracking\Summary\MacGregorBaySMIN00.pdf 
LHA_IA00_016,Summary Report,Y:\Fisheries Management\Project Tracking\Summary\moonriverSMIN00.pdf 
LHA_IA96_024,Summary Report,Y:\Fisheries Management\Project Tracking\Summary\FrenchRiverFWIN1996.pdf 
LHA_IA97_023,Summary Report,Y:\Fisheries Management\Project Tracking\Summary\FrenchRiverFWIN1997.pdf 
LHA_CF03_001,Summary Report,Y:\Fisheries Management\Project Tracking\Summary\CF_2003_SummaryRuf.doc 
LHA_CF04_001,Summary Report,Y:\Fisheries Management\Project Tracking\Summary\CF_2004_SummaryRevisedFinalAug1106.pdf 
LHA_IA01_111,Summary Report,Y:\Fisheries Management\Project Tracking\Summary\WhitefishfallsSWIN.pdf 
LHA_IA01_223,Summary Report,Y:\Fisheries Management\Project Tracking\Summary\FrenchriverSMIN01.pdf 
LHA_IA01_334,Summary Report,Y:\Fisheries Management\Project Tracking\Summary\BayofIslandsESTN2001_rev.pdf 
LHA_IA02_251,Summary Report,Y:\Fisheries Management\Project Tracking\Summary\SevernSound2002b.pdf 
LHA_IA02_252,Summary Report,Y:\Fisheries Management\Project Tracking\Summary\Magnetewanmuskie2002.pdf 
LHA_IA02_253,Summary Report,Y:\Fisheries Management\Project Tracking\Summary\strawberrychannel2002.pdf 
LHA_IA02_254,Summary Report,Y:\Fisheries Management\Project Tracking\Summary\SerpentRiver2002a.pdf 
LHA_IA02_F13,Summary Report,Y:\Fisheries Management\Project Tracking\Summary\IroquoisBay2002.pdf 
LHA_IA03_111,Summary Report,Y:\Fisheries Management\Project Tracking\Summary\WhitefishfallsSWIN2003.pdf 
LHA_IA03_252,Summary Report,Y:\Fisheries Management\Project Tracking\Summary\Magnetewanmuskie2003_rev_.pdf 
LHA_IA03_251,Summary Report,Y:\Fisheries Management\Project Tracking\Summary\SevernSoundESTN2003.pdf 
LHA_IA03_255,Summary Report,Y:\Fisheries Management\Project Tracking\Summary\SevernSoundSWIN2003.pdf 
LHA_IA04_251,Summary Report,Y:\Fisheries Management\Project Tracking\Summary\SevernSound_ESTN_IA04_251_summary report.pdf 
LHA_SC99_030,Summary Report,Y:\Fisheries Management\Project Tracking\Summary\Index Summary Central Georgian Bay 1999 draft.doc 
LHA_SC99_050,Summary Report,Y:\Fisheries Management\Project Tracking\Summary\Index Summary SE Georgian Bay 1999 draft.doc 
LHA_SC99_120,Summary Report,Y:\Fisheries Management\Project Tracking\Summary\Index Summary Northern Lake Huron 1999 final.doc 
LHA_IA10_031,Summary Report,Y:\Fisheries Management\Project Tracking\Summary\IA10_031 Summary.pdf 
LHA_IA10_700,Summary Report,Y:\Fisheries Management\Project Tracking\Summary\IA10_700 Summary.pdf 
LHA_IA09_028,Summary Report,Y:\Fisheries Management\Project Tracking\Summary\IA09_SUM Summary.pdf 
LHA_IA09_002,Summary Report,Y:\Fisheries Management\Project Tracking\Summary\IA09_SUM Summary.pdf 
LHA_IA09_003,Summary Report,Y:\Fisheries Management\Project Tracking\Summary\IA09_SUM Summary.pdf 
LHA_IA09_005,Summary Report,Y:\Fisheries Management\Project Tracking\Summary\IA09_SUM Summary.pdf 
LHA_IA09_006,Summary Report,Y:\Fisheries Management\Project Tracking\Summary\IA09_SUM Summary.pdf 
LHA_IA09_007,Summary Report,Y:\Fisheries Management\Project Tracking\Summary\IA09_SUM Summary.pdf 
LHA_IA09_026,Summary Report,Y:\Fisheries Management\Project Tracking\Summary\IA09_SUM Summary.pdf 
LHA_IA09_027,Summary Report,Y:\Fisheries Management\Project Tracking\Summary\IA09_SUM Summary.pdf 
LHA_SC02_053,Summary Report,Y:\Fisheries Management\Project Tracking\Summary\SevernSoundWinterCreel2002.pdf 
LHA_SC11_053,Summary Report,Y:\Fisheries Management\Project Tracking\Summary\Severn Sound Creel.doc 
LHA_SF03_200,Summary Report,Y:\Fisheries Management\Project Tracking\Summary\PS_LHA_SF03_200.pdf 
LHA_SC03_220,Summary Report,Y:\Fisheries Management\Project Tracking\Summary\PS_LHA_SC03_220.pdf 
LHA_SC03_000,Summary Report,Y:\Fisheries Management\Project Tracking\Summary\PS_LHA_SC03_000.pdf 
LHA_SC03_001,Summary Report,Y:\Fisheries Management\Project Tracking\Summary\PS_LHA_SC03_001.pdf 
LHA_SC02_220,Summary Report,Y:\Fisheries Management\Project Tracking\Summary\PS_LHA_SC02_220.pdf 
LHA_SC03_101,Summary Report,Y:\Fisheries Management\Project Tracking\Summary\PS_LHA_SC03_101.pdf 
LHA_SC03_100,Summary Report,Y:\Fisheries Management\Project Tracking\Summary\PS_LHA_SC03_100.pdf 
LHA_SC00_120,Summary Report,Y:\Fisheries Management\Project Tracking\Summary\SC00_120 MANITOULIN ACCESS CREEL 2000.doc 
LHA_IS10_018,Summary Report,Y:\Fisheries Management\Project Tracking\Summary\Killbear Channel & Big Sound Lake Trout Egg Collection for Thiamine analysis report 2010.pdf 
LHA_SC01_052,Summary Report,Y:\Fisheries Management\Project Tracking\Summary\Severn Sound Index Report 2001.doc 
LHA_SC00_210,Summary Report,Y:\Fisheries Management\Project Tracking\Summary\Swift Current Access Index Report 2000.doc 
LHA_CH02_001,Summary Report,Y:\Fisheries Management\Project Tracking\Summary\TR-LHA-2003-1.pdf 
LHA_CH03_001,Summary Report,Y:\Fisheries Management\Project Tracking\Summary\TR-LHA-2004-1.pdf 
LHA_CH05_001,Summary Report,Y:\Fisheries Management\Project Tracking\Summary\TR-LHA-2006-1.pdf 
LHA_CH06_001,Summary Report,Y:\Fisheries Management\Project Tracking\Summary\TR-LHA-2007-1.pdf 
LHA_CH07_001,Summary Report,Y:\Fisheries Management\Project Tracking\Summary\TR-LHA-2008-1.pdf 
LHA_CH08_001,Summary Report,Y:\Fisheries Management\Project Tracking\Summary\TR-LHA-2009-1.pdf 
LHA_IA01_002,Summary Report,Y:\Fisheries Management\Project Tracking\Summary\IA_Summary_2001_reduced.pdf 
LHA_IA02_005,Summary Report,Y:\Fisheries Management\Project Tracking\Summary\IA Summary 2002.pdf 
LHA_IA02_006,Summary Report,Y:\Fisheries Management\Project Tracking\Summary\IA Summary 2002.pdf 
LHA_IA02_007,Summary Report,Y:\Fisheries Management\Project Tracking\Summary\IA Summary 2002.pdf 
LHA_IA02_009,Summary Report,Y:\Fisheries Management\Project Tracking\Summary\IA Summary 2002.pdf 
LHA_IA02_002,Summary Report,Y:\Fisheries Management\Project Tracking\Summary\IA Summary 2002.pdf 
LHA_IA03_002,Summary Report,Y:\Fisheries Management\Project Tracking\Summary\PS-LHA IA03-SUM.pdf 
LHA_IA03_005,Summary Report,Y:\Fisheries Management\Project Tracking\Summary\PS-LHA IA03-SUM.pdf 
LHA_IA03_006,Summary Report,Y:\Fisheries Management\Project Tracking\Summary\PS-LHA IA03-SUM.pdf 
LHA_IA03_007,Summary Report,Y:\Fisheries Management\Project Tracking\Summary\PS-LHA IA03-SUM.pdf 
LHA_IA03_009,Summary Report,Y:\Fisheries Management\Project Tracking\Summary\PS-LHA IA03-SUM.pdf 
LHA_IA04_002,Summary Report,Y:\Fisheries Management\Project Tracking\Summary\PS-LHA IA04-SUM - Version 2.pdf 
LHA_IA04_005,Summary Report,Y:\Fisheries Management\Project Tracking\Summary\PS-LHA IA04-SUM - Version 2.pdf 
LHA_IA04_006,Summary Report,Y:\Fisheries Management\Project Tracking\Summary\PS-LHA IA04-SUM - Version 2.pdf 
LHA_IA04_007,Summary Report,Y:\Fisheries Management\Project Tracking\Summary\PS-LHA IA04-SUM - Version 2.pdf 
LHA_IA04_009,Summary Report,Y:\Fisheries Management\Project Tracking\Summary\PS-LHA IA04-SUM - Version 2.pdf 
LHA_IA05_002,Summary Report,Y:\Fisheries Management\Project Tracking\Summary\PS-LHA IA05-SUM.pdf 
LHA_IA05_005,Summary Report,Y:\Fisheries Management\Project Tracking\Summary\PS-LHA IA05-SUM.pdf 
LHA_IA05_006,Summary Report,Y:\Fisheries Management\Project Tracking\Summary\PS-LHA IA05-SUM.pdf 
LHA_IA05_007,Summary Report,Y:\Fisheries Management\Project Tracking\Summary\PS-LHA IA05-SUM.pdf 
LHA_IA05_009,Summary Report,Y:\Fisheries Management\Project Tracking\Summary\PS-LHA IA05-SUM.pdf 
LHA_IS03_014,Summary Report,Y:\Fisheries Management\Project Tracking\Summary\PS-LHA_IA03_014-1.pdf 
LHA_IS03_140,Summary Report,Y:\Fisheries Management\Project Tracking\Summary\PS-LHA_IA03_014-1.pdf 
LHA_SS08_001,Summary Report,Y:\Fisheries Management\Project Tracking\Summary\TR_LHA_2010_02_20100406.pdf 
LHA_SS06_001,Summary Report,Y:\Fisheries Management\Project Tracking\Summary\Status_of_Stocks_Lake_Huron_2006.pdf 
LHA_SS07_001,Summary Report,Y:\Fisheries Management\Project Tracking\Summary\TR_LHA-2008-02.pdf 
LHA_CH04_001,Summary Report,Y:\Fisheries Management\Project Tracking\Summary\commharvreport_2004 v2.pdf 
LHA_IA10_002,Summary Report,Y:\Fisheries Management\Project Tracking\Summary\IA10_SUM Summary.pdf 
LHA_IA10_005,Summary Report,Y:\Fisheries Management\Project Tracking\Summary\IA10_SUM Summary.pdf 
LHA_IA10_006,Summary Report,Y:\Fisheries Management\Project Tracking\Summary\IA10_SUM Summary.pdf 
LHA_IA10_027,Summary Report,Y:\Fisheries Management\Project Tracking\Summary\IA10_SUM Summary.pdf 
LHA_CH10_001,Summary Report,Y:\Fisheries Management\Project Tracking\Summary\TR-LHA-2011-01.pdf 
LHA_IS11_031,Summary Report,Y:\Fisheries Management\Project Tracking\Summary\IS11_031 Summary.pdf 
LHA_CF10_001,Summary Report,Y:\Fisheries Management\Project Tracking\Summary\CFreport2010draftV125Mar2011.doc 
LHA_CH09_001,Summary Report,Y:\Fisheries Management\Project Tracking\Summary\TR-LHA-2010-3.pdf 
LHA_IA11_701,Summary Report,Y:\Fisheries Management\Project Tracking\Summary\IA11_700 Summary.pdf 
LHA_IA11_700,Summary Report,Y:\Fisheries Management\Project Tracking\Summary\IA11_700 Summary.pdf 
LHA_FA11_WFT,Summary Report,Y:\Fisheries Management\Project Tracking\Summary\WeightFormTypeDataReviewSRGrevisedOct2011v1.doc 
LHA_FA11_CWT,Summary Report,Y:\Fisheries Management\Project Tracking\Summary\2011 CWT Summary.xls 
USG_HA11_001,Summary Report,Y:\Fisheries Management\Project Tracking\Summary\Schaeffer et al  Huron acoustic rpt 2011_FINAL.pdf 
LHA_FA11_GE1,Summary Report,Y:\Fisheries Management\Project Tracking\Summary\LakeTroutStrainGeneticIDpreliminaryCOA LKT Report 04-02-2012.doc 
LHA_IA11_002,Summary Report,Y:\Fisheries Management\Project Tracking\Summary\IA11_SUM Summary.pdf 
LHA_IA11_003,Summary Report,Y:\Fisheries Management\Project Tracking\Summary\IA11_SUM Summary.pdf 
LHA_IA11_005,Summary Report,Y:\Fisheries Management\Project Tracking\Summary\IA11_SUM Summary.pdf 
LHA_IA11_006,Summary Report,Y:\Fisheries Management\Project Tracking\Summary\IA11_SUM Summary.pdf 
LHA_IA11_007,Summary Report,Y:\Fisheries Management\Project Tracking\Summary\IA11_SUM Summary.pdf 
LHA_IA11_008,Summary Report,Y:\Fisheries Management\Project Tracking\Summary\IA11_SUM Summary.pdf 
LHA_IA11_01B,Summary Report,Y:\Fisheries Management\Project Tracking\Summary\IA11_SUM Summary.pdf 
LHA_CH11_001,Summary Report,Y:\Fisheries Management\Project Tracking\Summary\CH_Summary_2012.pdf 
LHA_IS12_031,Summary Report,Y:\Fisheries Management\Project Tracking\Summary\IS12_031 Summary.pdf 
LHA_IA12_701,Summary Report,Y:\Fisheries Management\Project Tracking\Summary\IA12_700 Summary.pdf 
LHA_IA12_700,Summary Report,Y:\Fisheries Management\Project Tracking\Summary\IA12_700 Summary.pdf 
LHA_IA10_252,Summary Report,Y:\Fisheries Management\Project Tracking\Summary\UGLMU Project Summary_2010_Magnetewan_River_SMIN_IA10_252_262_rev.pdf 
LHA_IA10_251,Summary Report,Y:\Fisheries Management\Project Tracking\Summary\UGLMU_SummaryReport_SevernSound_ESTN_IA10_251.pdf 
LHA_IA10_255,Summary Report,Y:\Fisheries Management\Project Tracking\Summary\UGLMU_SummaryReport_SevernSound_SWIN_IA10_255.pdf 
LHA_IA11_301,Summary Report,Y:\Fisheries Management\Project Tracking\Summary\UGLMU Project Summary_2011_Spanish River Delta_SMIN_IA11_301_302.pdf 
LHA_IA11_302,Summary Report,Y:\Fisheries Management\Project Tracking\Summary\UGLMU Project Summary_2011_Spanish River Delta_SMIN_IA11_301_302.pdf 
LHA_IA12_002,Summary Report,Y:\Fisheries Management\Project Tracking\Summary\IA12_SUM Summary DRAFT 13-03-21.pdf 
LHA_IA12_003,Summary Report,Y:\Fisheries Management\Project Tracking\Summary\IA12_SUM Summary DRAFT 13-03-21.pdf 
LHA_IA12_005,Summary Report,Y:\Fisheries Management\Project Tracking\Summary\IA12_SUM Summary DRAFT 13-03-21.pdf 
LHA_IA12_006,Summary Report,Y:\Fisheries Management\Project Tracking\Summary\IA12_SUM Summary DRAFT 13-03-21.pdf 
LHA_IA12_007,Summary Report,Y:\Fisheries Management\Project Tracking\Summary\IA12_SUM Summary DRAFT 13-03-21.pdf 
LHA_IA12_008,Summary Report,Y:\Fisheries Management\Project Tracking\Summary\IA12_SUM Summary DRAFT 13-03-21.pdf 
LHA_IA12_JUB,Summary Report,Y:\Fisheries Management\Project Tracking\Summary\IA12_SUM Summary DRAFT 13-03-21.pdf 
LHA_IS13_031,Summary Report,Y:\Fisheries Management\Project Tracking\Summary\IS13_031 Summary.pdf 
