adam,cottrill,cottrilad
david,mcleish,mcleishda
arunas,liskauskas,liskauskasar
aurora,mcallister,mcallisterau
brian,henderson,hendersonbr
chris,davis,davisch
dana,couture,coutureda
darrell,wilson,wilsonda
dave,anderson,andersonda
dave,gonder,gonderda
dave,reid,reidda
david,ross,rossda
don,hughes,hughesdo
eric,mcintyre,mcintyreer
fergus,mcneil,mcneilfe
fred,dobbs,dobbsfr
george,morgan,morgange
harry,taylor,taylorha
jeff,speers,speersje
jerry,kwciniski,kwciniskije
jim,hoyle,hoyleji
josh,clark,clarkjo
lloyd,mohr,mohrll
lloyd,thurston,thurstonll
rob,keetch,keetchro
scott,milne,milnesc
stephen,gile,gilest
steve,currie,curriest
vicki,lee,leevi
wayne,calder,calderwa
wayne,lafrance,lafrancewa
yolanda,morbey,morbeyyo
